cleaned_text,label
سلام ادبیات آور اوایل متوجه شاهکار روبروست جهان بینی موافق فضای ذهنی دوست خواندن لذت لذت بردن نشده دان رمان شاهکار فهم مشکل خواننده گرد اتفاقا وقت گذاشته رویش کار نظرات ایجاد تمایل خودکشی خواننده موافق نیستم جنایی خوان تمایل جنایت ناممکن وجه معمول خواندن دلیل مضامین خیانت زناشویی بیست اندی سال توصیه امید رود جوانترها فضای فکری پاک زلالی پرورش یاب ذهن درگیر مسائل,1
طوری رمان خوان مطالعه نمونه سورئال ایران سورئال منطق رئالیسم ناتورالیسم فرق قرار گوی نتیجه بردا گذار توضیح مثال بلوطی پیر پای کوه بلند نیم آتش سوخت نیم دیگرم باد برد بیت حامد عسکری خوان حامد درخت آتش باد شاعر احساس خاصی پرس بیت سرا لذت احساس درک بیت اتفاق افت اتفاق متناسب دنبال برداشت گرد خودتان کلنجار عده فضای انگیز سنگین انتقاد قرار سبک شاد قرار نتیجه اخلاقی پایان برا توضیح قرار پایان مشخصا دنبال اصلا سورئال خوان سورئال رمان خوان کتابی جلد سنین سال حدی نیستم خواه نقدی نویس مطمئن نقطه غایی سورئال کشور تردید موضوع منشا چشمه جوشانی سبک نویسندگی تفکر مدرسه عیار انسانی عشق نفرت همزمان غیرت تعصب عاری خیالی انسان پایین حتا میل زشتی تلخی میل گناه میل نیکی عمر زید انکار سخت هراس سخن آخر سورئال قرار واقعیت توهم خیال رویا تشخیص تعریف سورئالیسم اوج نشان حالت نشان هری پاتر ارباب حلقه سورئال گوی اشتباه بارقه سورئالیسم نمونه سورئالیسم یاب زندگیتان یاب یاب خواندن هیجان تلخی لذت کسب,1
خوان خواه خوان بسنده صورت احساس دانستن کاذب دست محصول نادانی,1
شاهکار درست کاش ایرانی جماعت یکبار اسطوره لطفا خیل عظیم کار متوسط خوان مسئله خاطر چارچوب ضعف ناآگاهی صورت اجتماعی قضاوت سیال ذهن ادبیات مدرن آشنایی مشکل شماست عزیزجان نسخه پیچ مضحک خوان وقت تلف مشکل طرز فجیع راجع دایره واژگان کلمات قلنبه سلمبه نیامد موظف دانش واژگان نویس,1
ترس فردا میر خودم شناس دوست,1
کتابهای دست کتابهاست دقیق عمیق مطالعه بایکبار مطالع دستگیر آدم نمیشه بدلیل قلم سنگین توصیفات صحنه دشوار کتابهای دلیل نمیشه ماهم دنیا زده خودکشی انتخاب دنیای آدمایی لذت نمیبرن دنیا براشون قشنگی نیس میگذره میخواد بگه شکاک اعتیاد هرزگی انزوا دوری دوستان شهوت پرست مسائل دیگه هستن انسان سیر میکنن,1
توی بمبئی هند نسخه چاپ نسخه تایپ نسخه فروز همون دوره حسین قلی مستعان نسخه چاپ مردم کیلومتر بند بخونند چرند پرند مان مزخرفات چندبار تحدید چاپ الآن حسین قلی مستعان جاودانه بسه شرمیه فرمای مخدرات مسکرات مصرف نوشتن شاهکار تکنیک نشئگی ریز منتقد ادبی نمیشه اواخر عمر فرانسه شهرت رسیده اخبار مردم درمورد حرف هاش مجله فردا نشریه فرانسوی چاپ نقد تحلیل آثار برگزیده منصور هاشمی مستندند تون منبع بهتون معرفی فرمای خودکشی دروغ محض,1
نظرم اوضاع نفر اختلال روانی اونقدر خواننده روانی سالم,1
روانپریشیو متبحرانه القا,1
نثر قوی نگارش آثار حرفی گفتن باقی ذاره شهرت آثار محدوده مرز وطنش فراتر رفته تحسینه نکته یکسری آثار منی اوان نوجوانی کتابا اینو متوجه میشم هنوزه آثار منفی مطالعه سروکله زمانی خونده ایدئولوژی ساختار منسجم رسیده سادگی فروپاشی نباشه وگرنه نگارش قوی نوجوان بوجود میاره هرچ میگه درسته اینطور زمانیکه تازه اجتماع کلا زده ممکنه آثار آدم بوجود بیاره امیدوارم قشر دانا جامعه طاقچه ورود کنن توی زمینه,1
نصفه همینجوری انگیزه جلو میخواد برسه معنا رسه خواسته کوله باری توهمات درهم برهم آدرس تقدیم مخاطب اوایل متوجه قطعا واژه قرار گرفتن ربط جملات ربط تری سازن آبستن معنا هستن واقع نمادن توقع نصف مختص مخاطب هوا وضوح تلاشه قبح چیزها بریزه مثلا دلیلی نداره همسر شخصیت خواهر شیر قرار بده تمسخر دهن کجی زیرسوال بردن مقدسات بدیهیات مردم کشور جزو محوری ترین سوژه لابه لای جملات فریاد الله اعلم آخرای دلم شخصیت سوخت بغض فرو اونقدری معروف انتظار قراره انسان بده تعالی بده نگاه زیبا انتقال خرواری تاریکی پوچی سردرگمی ناکامی معانی رکیک آشفتگی پریشانی خواننده بزاره پایان,0
چندین پوچ گرایی توی هاشون موج میزنه ناامیدی نهایت خودکشی توی دنبال ارزش هدف,0
احترامی سلیقه معتقد آدم بخواد کتابی بخونه چندین موضوع دقت مثلا لذت ببره مطلب آموزنده هرچند کاربرد مفید یاد بگیره بسا رمان روانشناسی تاثیرگذار دلیل سبک زیبای داستانی شون موارد دیگه بدی بهم منتقل مطلب آموزنده وقت آدم ارزش حرفاست,0
متنفر معلوم نیس میخوان بگن فضا تاربک مبهم بدم میاد میخوندم شبا کابوس نصفه کاره ولش قول سهراب خوان کتابی باد پوست شبنم عالم بگن کتب خوبیه میگ بدترین چیزیه خونده,0
ادبی جزء آثار شاخص محتوا فضای تاریک خفقان آور تصویر دیدگاه صاحب نظران معاصر بازتاب شرایط خوان گوی اتاق کثیف وهم آور دود متزلزل شوی دختر اثیری نگاه والایی نهایتا شراب زهرآگین عصاره مادرش برد شخصیت بانوان ناکام همگی چنان مردها مادرش تقریبا دنیا انسان ناکام سرخورده ارتباط برقرار توان آینه نگاه سایه ارتباط دردش بازگو فلاکت فلاکت,0
نوشتن سخته کمتر میتونه ادعا کتابو فهمیده اگه سابقه چندانی رمان خواندن قولی کتابخوان نیستید شرایط روحی چندان نداریداز راهی امدید برگرد دلیل واضح مایه اکثر مرگ اندیش یادم میاد سالم زنده بگور خوان انچنان مرگ شیرین صحبت هوس مرگ امتحان انتقاد جامعه دین خرافه پرست زبانی تند عمیق مفهومیست سرآمد رمان عمیق مفهوم سرتاسر نماد مختلف کار مفاهیم عجیبی اگه کتابخوان دنبال تجربه متفاوتید دوست دنیا نگاه توان تجربه جالب احساسی خواندن دست آور احساس ناب درجه کمتر کتابی مخصوصا رمان ایرانی توان جهان بینی علاقه مندی شگفت زده حاشیه اطراف توجه اکثر انها توسط نورد یکبار نخواندن منفی ونقادانه سراغ رمان دیدگاه موافق نیستم دوست گاهی اوقات نشین طرز زندکی معنا اصلن فایده رمان خواندن مقاله تحلیل پرداز خواندن خالی لطف روح شرح متن سیروس شمیسا هراس مرگ ساخت شکن روان تحلیلگرانه محمد صنعتی راستی اگه سبک نوشتار امده خواندن کتابهای سقوط آلبر کامو نامیرا آندره ژید میتونن تجربه براتون,1
حقیقت حقیقت تلخ حقیقت شیرین دیدن حقیقت تلخ راحت دست تره موفق حقیقت شیرین حقیقت شیرینی میگه حقیقت تلخی وهم آدم افسرده تصویر کشه عجیب کار اینه دوست اینا باور مفید فرهنگ نخونیدش,0
کامنتارو زده میشم هرکس نظرشو درمورد بگه اینهمه توهین احترامی تاسف کاش یکم حرف زدنامون دقت,0
بنظر اعتقادات مدل گوسین آمار پیروی عده محدودی هستن فاز پوچی مدل اینا هستن عده محدودی هستن مذهبین اکثریت وسط منم جزو اکثر حالم بهم میخوره کتابای مسخره دونم مدل داستانی بنویسه افسر برو دکتر دلیلی نداره روح روان مردم بازی نکته دقت میخونه فهمه آدم فهم آدم افسرده شکست خورده ایه متنا ارتباط عمیق تونه برقرار خودتون افتخار نکنین,0
فهمیدن کارهای طلبه شنگولی خور عقلت زایل تریاک شنگول نتیجه پوچ هستی پوچه خودت راحت هاست چیزهاست فهمیدن کار ماها,0
فارغ نقد لایه معنا جملات داس خونی احساس روح کدر کدر پسند,0
هرکس جور طرز نگاه سلیقه نظرم زیبایی جهانه جور دیدگاه باهم چالش میشن خودم شخصه دوس آدم میتونه خوش چیزای کوچیک لذت ببره بخواد قول بازاریا بزنه مال سال بیست سال الان حجم عظیم گرفتاری مختلف آدمو فرا اینجور مونه امیدوار آدمو دلسرد خوشیای سفر دنیا رژه ماشینای میلیارد خیابونای لاهیجان تله کابین سواری عوض مشکلای بهتره دیدن آفتاب خند,0
چیره دست اعتقادات یکسری اقشار اونجاست خراب تشبیه اذان صدای روابط جنسی پسر بچه روح جامعه تعارض,0
اثریست بحث روانی نام براستی بنده نوجوانی کنون بیست آنرا خوانده بحث دان همانند سهراب سپهری مطابق اظهارات نامه خواهر اشعار خودم سرا چاپ لزوما درک خوانندگان آثار قصد بقول مولانا هرکس یار خواننده تأمل تفکر فهم جهان بینی مفهوم آور سالها خواندن خواندن شعر شاسوسای سهراب فرموده لحظه پوچ قدرت ذهنی پرواز آوردن عجیب خور تمجید,1
کسل یکنواختی تشبیهات تکراری حوصله هنر تکیه المان شهوت توهم کتابی توهمات حالات نعشگی خماری معتاد روان پریش بیماری جنسی خودخوری شخصیت بازگو میخواد بخونه توصیه نخونه دست نمیده چیزای نگه میداره طراوت شادابی روحی امید کسا میخوان خودکشی کنن منتظر اشاره برا تصمیم نهایی هستن حتما بخونن,0
چاقو جنبه جنبه پوست میوه جنبه جنایت هایش جنبه منفی آگاهانه استفاده کتابهای ایشون تکنیک نویس مطالعه قطعا خواندن چندین مخاطب عام گیج خاصی اعتقادات بازی میگیره,0
امان تعصب دین شخص هردو صورت جهله داستاناش متعصبای مذهبی باد سخره میگیره همون کسا اونارو هوای طرفداری مقابل نظرات مخالف ادم متعصب میشن,1
افسر فرجام ناگوار خودکشی زتدگی دوست دارن اندازه سیاهی رنگ,0
کاش زودتر اینها میخوندمش,1
خواندن توصیف حجم خشونت خیانت افعال چندش آور اصلا جالب ستاره,0
نصف نتونستم اصلا دوست داشتنی شدت حالمو,0
جزو فرقه نهیلیست تبلیغ تبلیغ خودکشی ؟؟؟ آدم گلی زده بزنه مگه هرک بلده بنویسه درد بشریت میخوره فرهنگ منهای اخلاق نیستی همون اعتقادات,0
کار ایرانی خوشش میومده نظرش اسلام کلا اگه موضوع باور درگیر میش بهش کلنجار میر تجلی نمیخونیم فضای افسردگی ناامیدی هرچقدر بهانه دست پنجه نرم میش آینده دیدگاه طرز فکرهاست ساخته فضای داستانی شخصیت مرتبطه انسان افسر دیدگاه دنیا خداست نتیجه پوچی افسردگی میرسه نتیجه خدا ناراحتی هاست متن تجلی بهانه جهانی براش امتیازات قائل میشن درحال دلیل جهانی دید اینه خدایی دنیا آنهایی ترجمه استقبال خودشون زمره خدا قرار میگیرن اتفاقا افسردگی دارن شخصیمه نظرم بقیه تحمیل معتقد اتفاقات جریانات احساساتی زندگیش میرسه ذهن پرورونده ساده بیست خطی آنچنان تصمیم ایجاد نمیشه,0
سیاه,0
نخوندم نمونه مصمم نخونم کلا پسند دوست کتابی میخونم محتوا امیدوارانه برعکسه وخیلی طورکه مرگ خودکشی,0
شدت مزخرف سیاه درد میخوره قصد خودکشی کتابی ارزش نداره همونطور انسان خوره هرچیزی مغز حکم مغز حیف وقت آثار آدم ستاره زوری جهت درج,0
العاده معنی,0
ترس فردا میر خودم شناس,1
ثقیل عجیبیه قسمتایی متن غرق میشی یهو بینی فضا فضای دیگه متوجه اتفاق افتاده,1
احترامی هنر قائل ایشون انسان روان پریش بیمار اکثر هاشون برآمده پریشانه آدم نامه نوشتش خونه دلش سوزه دوست زمان ایشون باهاشون صحبت کار دستم اومد براشون انجام خواندن رمان ایشون آدم دونه فرم لذت ببره محتوا تأثیر محتوا غالب فرم بیشتره اصطلاحا لفظ فانی معناست نهایتا معانی تاثیر منفی خودشون گذار مقابل رمان برآمده روح پرنشاط امید مومن آرامش روانی انسان هدیه رویا نامیرا جشن حنابندان جانم رود مملوند عشق پاکی اخلاق صفا مهربانی امیدوارم زندگیتون مملو آرامش امید,0
مزخرف سیاه پوچ معنا,0
احساس دورانی دوستان متوجه نشدن مفهوم ارائه نظرات روشن چیدن کلمات اصطلاح قلبمه سلمبه عقاید بنیاد چالش بیندازند اتمام رسیده وضوح اشتباه درگیر موضوعات متوجه عمق اشتباه دوستانی وقتشون ارزش قائل دنبال مفید صرفا گیج باشن وجه مطالعه نکنن,0
علاقه,0
مجبور نکرده حرف مان وسط اپرا موسیقی بیهوده تعلق تشریف کوچه نوای تنبک گوش بیافرینم قدردان عمر مبارک جمله خلق نکرده کافکا سخیف شکم زیرشکم اندیش,1
محتوا,0
ستاره بله ستاره خواندن عموم توصیه هرچند جنبه گوناگون ذهنی روانشناختی ادبی اجتماعی فلسفی مطالعه مناظره لیکن ورا مطالعات توان اثرات مستقیم سنخ حالات درونیات احوال آدمی نادیده صفات بیماری اخلاط ترشحات اجزا موجودی زنده منتقل روایت سیال ذهنی جنبده آغشته تالم عمیق رنج پایان سقوط فلسفی اخلاقی همانطور اذعان وامانده پاسخ سوال اساسی دست انتحار فلسفی زده آشکارا هراس صحت ادعای زند ذهن پایین ترین مملوس ترین انتظار بدن بیمارگونه لولد دود آرام فلسفه تهی فلسفه مرکب خواهش ترس بدن,0
ماهر تواناست اندازه باهوشه سبک سئورئال تاریک پوچ گرایانه ایشون لذت خواندن تجربه نفرت انگیز نتونستم ارتباط برقرار طرفداران دارن اکثرا برخلاف ایشون رفتار کنن طرفداران مسموم متعصب خوش دیگه تافته جدا بافته درصورتی آدمهای متعصب بازندگانی نمیگم سری توقع حجم کوته فکری توهین کامنت چقدر نظرات احترام بذار,1
زور آخرش دوس حقیقتا سبک نوشتن برام جالب دوست دلایل اپلیکیشن دیگه طاقچه ترجیح مید هروق نظرات طاقچه خون حجم انتقاد خشونت کلامی لحن حالم اپلیکیشن کتابخوانی عجولانه متعصبانه بهم انتقاد ؟؟؟ ؟؟؟,0
دلجویی امید نیستی مرگ باور نمیشه نفر تونسته انقدر فضای ناامیدی توصیف زبون بیاره افکار هاش اینه کاشکی زنده صحبت متن ادبی قوی جملات توصیفات همش العاده خوف,1
اتفاقات گوناگون توان چینش مناسبی پیرنگ بیاورم بعید دان قادر خلاصه رمان تعریف معلوم دنیای خیالی گذر دنیای واقعی شدت سرگرم شخصیت آنچنان عمیق احساسات درد هایش دنبال ربط اتفاقات نیستیم کلمات جملات افیونی انسان لحظات فراموشی دنیای واقعی انگار خواندن جملات توصیفات لذتی جداگانه قلم آنقدر قوی پوچی افسردگی درد روحی شخصیت خواننده القاء دلیل روز توان مطالعه شخصیت اطرافیان جامعه خداوند عنوان نیروی برتر نتوانسته ارتباطی برقرار انسانی خواه اتکاء تنهایی حتما تال روحی خواندن پیشنهاد نظرم جمله توان خواندن صدق زخم خوره روح آهسته انزوا خور تراش,1
سیزده درد مشترک ایرانیان نویس اکثر ران تفکر ترج شرا منافع شخص منافع ترج طناب مفت حاضر بزن بدب خوش تما نواقص رفع انها اقدام کار اظهار فضل گفتن دان شرم کلمه کار غالبا مهارت دانش ترج شتر گذشته نده فراموش دوراند برنامه عاجز روزمرگ عقب افتادگ مان گردن گران توطیه انها انداز برا جبران قدم دایما گران خودمان عمل اخر آخر سال تنهایی اگاهی خونده,1
افتضاح اثری خدا یاس ناامیدی مزخرف مزخرف,0
قلم ادبیات ذهن شدت مشوش قوه خیال داغون احساس روانی ادبیات قوی پشیمون ذهنمو ریخت,0
عزل سود امروز سود فاز,1
نظرم مسخره معنی آدم امیدی تاریکی کلا توصیه نخونید,0
اثار دوس میخونمش نمیدونم انگار میفهممش برعکس میگن بدی القا سیاه نماییه اصلا اینطور زوایا پنهان انسان نشون میده,1
اصلا فهم اخر چیشد احساس پوچی پسند,0
هروق راجب میاد میده دوست دیگه تکبر بیاد پاسخ میده درکش فهم نظرات روال تکرار بابا چکار خودتونو بدید چکار نظرات نماد درک فهم,0
شاهکار روح شاد مرد درد کشیده,1
ارزش اینو نداره وقتشو هدر بده ذهن مریض معلوم الحال توی راحتی عامه مردم اعتقادات اونا توهین اونا رجاله خطاب قبح اعتقادات مردم توی شکسته افتضاحه مثلا ازدواج خواهر رضاعی ازدواج محارم حساب دلیلی شخصیت قالب خواهر شیر بیاره ؟؟؟ موقع اذیت میکنن اونایی طرفداری میکنن درک خواهشا توضیح بدید دستگیر ؟؟؟؟,0
ادم نهلیسم پوچ گرایی کشان,0
حرف,0
شنو راستش کتابی زور تموم هدف دان پسند,0
بنظر زیبا ترین رمان ایرانه دقیقا میتونین اونو تصور کنین عجیب,1
زمانی کودکی خند باور دنیا خندیدن زمانی انسان ناتوان خستگی پای آور گمان برد خستگی جهان پای درآورده ناامید دوست امید لجوجانه تبلیغ سرخوردگان مایلند سرخوردگی اصل جهانی ازلی ابدی قلمداد پوچ گرایان اثبات پوچ جهانی عاشقانه شادمانه جنگ پاره پاره روشنفکر خواه بیمار روح سرایت دلیل رذالت حساب هرگز لحظه سفر دشوار گرفتار امیدی امید بازگرد امیدی نابود عاشقانه آرام نادر ابراهیمی,0
صادقی حجم زیبایی شگفتیه دنیا کمترین سلیقه بدنبال سیاه نگر ناامیدی خواندن توصیه مردم ایران فهم خدا عاقبت یکسری دوستان میگن ادبیات فارغ محتوا نگاه متعجب هدف استفاده ادبیات فراموش رساندن محتوا ادبیات استفاده محتوا محتوا ناسالمی سالبه انتفاء موضوعه دنبال شاهکار ادبی هستین بدنبال آثار جلال برین نقد چندین خوندمش دوستانی میسازن پیشنهاد هاشو حسه روشنفکری بخونن مثله مرگ دست پراکنده ایرانی متنفر چندین موضوع تصریح آنوقت سنگ سیاه اورا سینه,0
گیج مرموز,0
قسمت حالم آدم ناامید شدیدا افسردس میخواد حالشو بقیه منتقل ارزش نقطه روشن نمیتونم تصور انسان چجوری انقد سیاه منفی بنویسه واسه ارزش قائله کتابو بخونه طاقچه لطفا کتابهای خوبتو رایگان اینارو,0
افکار پوچ بند موج میزنه,0
پوچی دست,0
ظرف خوشگله توش هیچی,0
روح قوی کتابو بخونید حتما لذت معرض افسردگی تازگی خودتون پیشنهاد قید بندش هوای خاصی لذت زجرآوره طرفی توجه اینک افسردگی شدید رنج برده قطعا دست هاشم غبار اندوه,1
شدت مزخرف,0
امان قلم طوفان,1
دوستان عزیز رعایت ادب یادتون نره دوستان خوان خواننده قطعا میزان درکش بالاس کامنت کامنت اینستاگرامی مقایسه,1
حیف احساس مگس پیچ حیف خواندن هدر کارو ذره مثبت اندیش درست انگاری ذهن میتونست زیبا ترین هارو بنویسه حیف حیف خواندن,0
بدرد نخور,1
روایت دردناک پیچ ادبیات العاده ناخوشایندی آدم بوجود آور توان نیاید سلیقه ایی پیشنهاد خوان متوجه آثاری همانند رادوست خیر خواندش خالی لطف,1
ستاره بتون بدم کتابی یاس ناامیدی القا فایده منفی اگه روحتون ارزش قائلید مطالع وقتتون حیفه,0
نرم افزار طوری طراحی میخونیم گرفتن بهمون دست بده متن ساده برگه زدن,1
تلخ مینویسه هاش سوهان روحه توصیه اصرار بخونیدش روزوسایل خودکشی خودتون توصیه,0
مزخرف معنا فضای روح سرد ملحد افسرده تریاکی نمیشه انتظار,1
درخش نقل هفته نامه کرگدن شماره تاریخ شاهکار سال هند صورت چاپ دستی توسط منتشر علی رغم گذر طولانی ایران کشور دنیا مطرح داستانی زبان دنیا ترجمه زبان کشور کشور انگلیسی زبان هفت کشور مستقل جداگانه زبان عربی اسپانیولی کشور تکلم توجه اساتید دنیا قرار اشاره اظهار بزرگان اساتید هانری ماسه آندره روسو فیلیپ سوپو رنه لالو پاستور والری ژیلبر لازار کمیساروف ونسان مونتی مایکل هیلمن سید اختر حسین اوغوز دمیر آلپ خارج ایرانی دکتر پرویز خانلر رازین مرتضی صراف حسن قائم قطبی همایونی دکتر جنتی عطا دکتر همایون کاتوزیان دکتر سیروس شمیسا محمدرضا قربانی یوسف اسحاق پور دکتر احسان یار شاطر سیروس طاهباز دکتر بهرام مقداد محمد تقی غیاثی پرویز داریوش دکتر هرمز رحیم مناسبت نظرات مطرح ملهم فیلم نورد فرض نظریه صحیح شاهکار اثری نویسندگان ادبا جاده دراز توان بیایید فیلم تئاتر صدای هیاهوی باد الهام نویس کشاندن عظمت جانب فیلم مطلقا توان بزرگی پله پایین بیاورد خواب نما صدای غیبی توی گوش خوان کتابی قرار کتابی شهرت عظمت دست معمولا پانزده سال انتشار گذر کتابی سال زنده پاینده اوج شهرت مان دنبال عوامل گشت عوامل افتاده اهمیت گذار سنگ بنای نام ادبیات غنی کهن آثاری دنیا آثار دنیا مطرح مولانا توان نبوغ سوال سنگ انداز بلا دان کاشفین تقلید ایران خیل خوانندگان ترجمه منتقدین امریکا کانادا اروپا ژاپن روسیه غیره نفر متوجه نشده تقلید بافتن ساخته دان کشف ایرانی خودمان تبریک بگوئیم تعجب اساتید خارجی موضوع هرگز تارک ادبیات معاصر ایران درخش,1
نظرم محتوا حوصل,0
مطمعنن ایشون طرفدارای دارن اصلا ارتباط برقرار مخاطب خودشو میخواد بلاتکلیفی پوچی میون کلمات موج جمله باصدای بلند تویه,0
پیشنهاد اوج تفکرات احساسات داخل دید اوج درماندگی شخصیت قطعا بازتابی شخص خواندن عجیبی عجیبی القا سوای انگیز لذت مطالعه,1
تقسیم,1
زیبا دلنشین الان سومه میخونم تشنه مطالع میشم,1
سختی شیوا رسا انگار استعاره توصیف اوهام کتابی بتونه درک روخوندم رها صادقخونها میتونند بخونند استاد ادبیاتمون,0
هنری توصیه شدید اگه افسردگی معرض افسردگی فعلا نخونید,1
روان پریشی دوست دارن روح سالم شادی توصیه متنشم روان تعجب کتابو رایگان بخونن کتابای شاد زیستن گرونه رایگان کردیو,0
سورئال رئال رئال کتابیه خودم سرزنش اینقدر دیر بعدا خوان سطحی امروز درش شدت لذت کیمیاگری طلا کلمات روح مکروه جملات ارزش طلا شبیه رقاص شعبده قلم دیگریست,1
حوصله یهو پایان جذاب تخیل پسند هرچند محتوا پوچی ناامیدی پسند بخاطر توصیفات نمادسازی جالب نظرمو جلب تخیل درهم پیچ چرخه مدام مدام تکرار میشدن تروما آسیب شدید توی ناخودآگاه ریشه زده گاهی علامت نشونه هشیاری میاد چرخه تکرار زخم کهنه درمان نشده هرازگاهی چرک تازه وجدان بلاتکلیف تخیل ناب,1
شاهکار ادبیات ایران واسه دنیا فضای شدت تاریکی کارا ادگار آلن لاوکرافت جرات مدرن ایرانه میگ شاهکاره,1
طبیعیه هرکس نمیتونه ارتباط برقرار مخاطب خودشو میخاد,1
چرت,0
رفتن پایان بازی میتون بگی پایان منتقل آغاز سراب صرفا تصورات پیرمرد انعکاس نفرت درونشه خودکشی گذار کشت کار آغوش رضایت مطلق مرگ خونی فریاد بلند خون راوی خون قول لکاته احتمال دیگه متصوره موکول کنکاش ذهنی خودتون جهات لذت میتون بگم نود درصد خانم بیزارند زنها غالبا میل موج میزنه مرد نوعا میل مرگ مشابه ارگاسم جسمی خیال تجربه,1
فهم داستانی خدایاحیف شدوق تلف خلاصه ازنویسنده تشکرمی شایدبخاطری ازر جورفکرمی,0
دوس,0
راجع عقده جنسی کمبود توهمات افسردگی شدید رنج میبره عوالم غرقه شخصیت پیرمرد خنزر قوزی عباپوش شال گردن ریش بلند قالب میبینه همش توهمات,1
باسلام رمان سورئال جذاب عامه پسند طرفداران ذهن خیال پرداز قوه تصورتون خوبه میتونه شمارو جذب موفق,1
شخصه نتونستم ارتباط شاخه شاخه کلمات سخت وقت گیره توصیه,0
حزن زیبا شکل اصلا کتابهای اندوهگین دوست قلب حاجی آقا پیشنهاد مطالعه سال عزیز,1
سورئال تألیف نویس دوست نقاشی تصویرگری بدک جاذبه نصف رغبت ادامه ماهری قواعد نویس پرهیز تصویرگری توصیف افراطی رعایت نکرده توصیف رگبار فایده چشم ذهن خواننده درگیر خسته حاضر توصیه دوران ارزش الان دنیای پخته عمیق قوی انصاف تحلیل رعایت ظاهرا جرگه مخالف پیوند,0
اگه احساس نفهمیدیدش بخونید سریع نیاین نظرای منفی بدین,1
خودم راست ستاره آسمان ستاره تاریک معنی اصلا ستاره,1
زیبایی یکم پیچیدست انقدر تشبیهات جملات زیبا بجا بکار برده همراه دوستانه مرگ خوشایند دردناک تصویر کشیده میخواد بگه مرگ رهایی آزادی انسان قطعا افکار واقعی سرچشمه میگیره خودکش ولیکن پیشنهاد بخونیدش جالبه,1
درکی آثار ندارین مجبور نیستین اینجور بدین برین پائولو کوئیلو بخونید ارگاسم روحی برسین,1
مخاطب دلیلی مطلق کتابیه بخاطر تفاوت سبک دوران منحصر تمجید دلایل ترد انگ پوچ گرایی بهش زدن چنتا مقاله نقد تفاسیر شنو اندازه تفسیر اقایی نسخه قدیمی جالب خواسته ادماس کمال مطلق میخوان عواقب نمیکنن یجورایی حقیقت خودشون واقف نیستن هنری میلر آمریکایی معاصر کتابی خوان رنه لانو اهمیت هنر معنی آبرومند کلمه صریح جلوه اخر پیشنهاد یکبار خوان نسخه سانسور,1
قطره خون نمونه رمان نویس نویس طبیعتا سلیقه هرکس متفاوته سلیقه پرورش زمینه کوتاه نویس خواندن مکرر کوتاه تجربه احتمال قطره خون لذت,1
الهام چهره سرشناس ادبیات سینما ایران اینطور حرف زده اگه بهشون ایراد بگیره میگن شخصیه ایراد گیرنده تعصب حرف میزنه آدمی علاقه مودب پوره میخونه تشنج,1
کتابی تصویر العادس کتابای خیل خوبن عینه سرد خاکستری آدم منتقل کنن خونه تونه احساس پرمخاطرس روح زده,1
دوست نظرم خسته طوریکه آخرش نخوندم حوصل,0
دردناک خودشو جغد تشبیه جغدی روز نمیبینه واسه زدن جغدی کوره روز نمیتونه پرواز درد چاپ قبلا ممنوع نگاه ادبی قوی قدرتی نگاه مفهوم همش درد رنج درک کسا رنج درد دیدن سخته,1
هرکس مخاطب درک عمیق بنیه قوی خالی محدودیت پدر نویس ایران صدقه بازار نویسندگان رمان رونق شهامت نقد,1
دوستانی راضی نبودن احترام خاصی مجبور نیستین هنری ازش اطلاعی ندارین بدین خودتون نفهم جلوه بدین,1
اگه خونید چیزهای مختلف تجربه پیشنهاد بخونیدش لذت اینو بدونید اگه دنبال شاد مرفه انتخابتون اشتباهه بدونید جذابیت,1
آدم خسته معما مرموز عجیب,1
نظرم رمان رمان شازده ابتهاج همنوایی شبانه ارکستر چوب ازشون غفلت العادن,1
دوست بشین روبرو حرف بگم چته مرگته انقد ازمرگ نویس هفته کتاباشو میخونم افسردگی,1
خلاصه فهم لکاته اثیری خون دلمه بسته کرم لولند پیرمرد خنزر پنزر فروش بغلی شرابی میگن کتابای خان نمیخونی چندین نوشتن بری تفسیر بخون خان,0
آثار نوجوانی خوان هزار خوان معتقد روشنفکر قرن فهم درد دست سنت بدعت درک واقعیات عریان نورد جیز اضافه روان شاد,1
شاهکار معناست لذت دلم خواست کلمه دست مشکلات روحی قشنگ توصیف,1
پوچ خودکشی,0
پیشنهاد بخونن اولا فضای بشدت راز آلای تاریک دقیقا اینه انگار دالان سرو تاریک اعماق نشونمون بشدت پیچیده درک اهل اندیشه انسان کنجکاو متفکر حتما حتما بخونیدش,1
کتابی سبک قطعا بهترینه متن متنه مخوف بعدی شناور هرکس قادر درکش حالت اخر هرچ جلو میر تایم کشیده میشی حسی شخصیت نفر هستن شخصیت تجزیه اخلاقیات رفتار شخص هستن تمرکز جواب سوال اخر راوی قصه سرمه دان نقش کشیده ذهن مبهوت جالب شخصیت ضعیف تاثیر اصلا توصیه ممکنه نفهمن اسیر افکار راوی بشن توش دقت میبینین هرکدوم میتون حالت سخن بعدی توصیفات بطور وحشتناک توصیف مرگ عشق,1
خفه خفه شووو خفه شوووو,1
خواندن واژه اطراف مرا احاطه خواب مان مرا یاد اورد سایه جانی خواه برایت نامه نویس خان دان هرگز خوان,1
راجع بهش شنو مشتاق کتابو بخون وسط نتونستم بخون توانایی درک اینهمه عجیب حالم الان راجع تون بگم اینه بوی مرگ,1
کتابی خوندمش برام جذابه میگن معنی نداره قطعا نفهمیدن دلیل معنی پیشنهاد دیگه مطالعه کنن اگه متوجه نشدن روح سیروس شمیسا میتونه کمک فهم,1
منتقد ادبی صاحب سبک هستن شکم قهر تازه حرف زدن یاد میاد اظهار بهانه بیاید وقت بگذرونید بحث گفتوگو,1
کتابی,1
هرچقدر تعریف کمه شاهکار هدایته,1
گیرا جذاب,1
مبهم نمیدونم وضع روحی مغز تراوش سبک کافکا درکرانه سورئال بنظر,1
نصف بیشتروخوندم سیم مغز سوخت بعداز انتها بعدتواینترنت سرچ خلاصه داستانو نظرم درد خانه نمیخوره,0
شیرزاد جمالزاده پدر نویس ایران احمد محمود گمان جمالزاده دان دنبال مغلق گوی گذار زبان کوچه بازار طبع جمالزاده آغازگر حامی قدر داستانویسی ایران بسا جمالزاده توان پیشرفت گفتگو احمد محمود روزنامه اعتماد سال,1
بنظر خوندنیه قشنگیه اگه مشکل اسلحه شقیق نذاشته نخونه,1
خوبه نگاهتو عوض,1
همینقدر بگم دیگه کتابی نمیخونم,0
جزئیات دستت بیاد تصویر موقعیت نوجوان توصیه,0
ظاهرا یادداشت انسان روان پریش نشون میده اونقدر قلم فهم ازنظر عقلی مشکل نداشته بخصوص آخر متوجه قضیه قراره میتونه برداشتی راضی,1
ارتباط برقرار سخته,0
اصصلا نخونید منفیه,0
گنگ گیج خسته,0
هاست اگه سانسور لذت,1
نیومد جمله تکراری,0
ادبیات بالاس سنم کمتر مطالعه لذت عمه آدم مذهبی بهم اجازه عقیده افسر خوان عمه فرهنگ شصت حرف بزرگتر حرف درست میگه معرکه آدم بتونه اینقدر قدرت قشنگ توصیف,1
ادبیات نیومد سلیقه فرق ونمیشه هنری فهم کوب شخصه بهره نظرم ادبیات خونده وتو زمینه تحصیلات دانشگاهی براش جالب حالت عمومی,0
خسته توصیفات زائد خسته دوستانی شاهکار ادبی میدونن نویینده گمنام نورد بهش توهین میکردن بنظر ارزش وقت گذار نداره,0
وقت مسجد صدای اذان وضو انداختن دولا راست مقابل قادر متعال صاحب اختیار مطلق زبان عربی اختلاط تأثیر,1
مزخرف مضمون پوچ پوچ درعین قلم تخیل قوی اخه ظاهرا معتاد مواد مصرف دست قلم ارزش نداره,0
باری بخون اینجوریه گذر وقت یهو قسمت میاد ذهن تیکه فهم شاهکار,1
پدربزرگ میگه زمان کسا خودکشی راست دروغ دونم,1
سال داستانی سبک سورئال سبکی هنوزه ایران خال نشاندهنده نبوغ ادبی هدایته اگرچه همگی درونمایه ناامیدکننده دارن مزاج خیلیا خوش نیاد کمتر رمانی انقدر تاثیرگذار,1
اکثر قریب اتفاق آثار عنصر اصلی جنایت سکس اینها بیمار افسرده زند بیماری عاقبت خودکشی پوج خاتمه گرچه قلمی قوی,0
مگه اثار,1
گنگ نامفهوم محتوا خاصی توهماتو تخیلات آدم بلاتکلیف اینقدر معروف,0
توی عمرم پیچیده,1
سلام درک درک دقیقا آتش سوز فهم اونی میسوزه حسی خان روح شاد یادت گرامی,1
اونایی پروفایل عجیب سیاسی مذهبی میگن چقدر منزجر هستن حتم خوان دوستان پروفایل حضرت آقا,1
سیزده درد مشترک ایرانیان نویس اکثر ران تفکر ترج شرا منافع شخص منافع ترج طناب مفت حاضر بزن بدب خوش تما نواقص رفع انها اقدام کار اظهار فضل گفتن دان شرم کلمه کار غالبا مهارت دانش ترج شتر گذشته نده فراموش دوراند برنامه عاجز روزمرگ عقب افتادگ مان گردن گران توطیه انها انداز برا جبران قدم دایما گران خودمان عمل اخر آخر,1
محتوا فضای ناامیدی مطلق,0
فوقالعادس,1
فهمیدن کتابا آدمشو میطلبه سری چیزارو میطلبه فهم معمولا آدم عادی نمیتونن بفهمن ازش بیارن معلومه بقیه نمیفهمن,1
العاده چندبار بخونید بتونید اصل دریافت میاد فصیل رذیلت اخلاقی قالب نماد داستانی اورده سنگینیه پیشنهاد چندبار بخونید خودم آماده میشم مقدار خشن شاهکار زیباست,1
توجه منتقدین فرما ضعیف عرض سبک نگارش دنیای ادبیات کهکشان نظیره ضعیف ادبیات عام نداره متوجه سمبولیسم قلمدان هرچیز نماد حقیقت نقد بخون تازه متوجه دنیای شگفت شاهکار میشین جالبه گفتن ضعیف فرمای گنگ نامفهوم کارش درسته عرض نماد درک اشراف متن بگم هزاردرصد اشتباه,0
لذت آدم خواندن علاقه مند,1
مفهوم واقعی تاریکی پوچ درک میتون معنی اصلی کتابو فهم اونموقع حروف معنی خاصی برات میکنن شاهکار,1
زیباست یکم گمراه کنندست دقت بالایی کتابو پیشنهاد مراقب تاثیر قرار ژانر دیونه ناراحت کنندس,1
خودمو جایگاه بخوام آثار بدم خلاصه میگ معرکه,1
فهم تفسیر روح حتما مطالعه موقع متوجه میشین قرن شاهکاره شاهکار بینظیر,1
زمینه ادبیات کلامی نمایشی ایران قصه روان شناختی آشنا مهارت چیرگی خلق قصه موفق شهادت آثار گزارش فرزانه آشنایی کتابها مقالات انتشار پیرامون روانکاوی بخصوص فروید پیشگامان تحلیل روانی خوان همزمان انتشار فاصله سالی چاپ آثار ادبیات الهام روانپزشک پویا روانکاوی آگاهی آشنا سوررئالیسم آشکارا اساس مانیفست اصول روانکاوی فروید پیروی شناس شگف جهت بندر زمان اندیشمندی حوزه ادبیات کشور خور حوزه کار روزآمد آگاهی عمیق گستر توان دانش نظری زمینه استادانه کار آثار برجسته جهانی ادبیات مدرن آور قطع قصه قصه نویس مدرن همتاست زمینه علمی فرنگ رفته چهارچوب محدودی دانش نظری روزآمد آشنا هرگز زمینه تحقیق ابداع توان کار ارائه حوزه هنر ادبیات نیما یوشیج شعر تحول آور حرکت نیما زمینه فرم تکنیک دانش عمیق گسترده روزآمد ادبیات حوزه وابسته مقایسه پذیر حوزه روانکاوی انسانشناسی فرهنگ موضوع شگفت انگیز تأسف گرچه تلاش سبک تقلید گذشته جدا هنر ادبیات روان شناس روانکاوی مشکل ادبیات داستانی شعر تئاتر سینما هنر تجسم نقاشی مجسمه معماری نگرانه روان شناختی مؤلفین هنر ادبیات روانکاوی حوزه عنوان مهمترین ابزار کار استفاده دست اندرکاران هنر ادبیات کشور روانکاوی آشنایی آشنائی اندک گاهی دست شکسته بکار وجه ذهن فعالیت حوزه آگاهی درگیر نتیجه آثار ادبی هنری بندر توان فرآورده ادبی هنری پیشرفته دنیا همسنگ گهگاه نام آوران هنر معاصر ایران اساس شنیده نادرست نظریه فروید ترجمه نارسا محدود یونگ روانکاو مکاتب روانشناسی ترجمه نادقیق متون روانپزشک دست کار تحلیل سست سطحی نابجا ارائه هراس مرگ دکتر محمد صنعتی,0
نقد جمله کاربر عزیزمون کافیه روانپریشی متبحرانه القا,1
دوست شدیدا عمیق مطمئنا سرنخ نمیشه وقت یکبار قفسه درش آور داش آکل ولگرد روان میدونم واقعیت نگارش نشون میده اصلا امضا پای کلمه کلمه,1
حتما مطالعه,1
مسیر نصفه رهاش,0
مگر توان ایرانی ادبیات علاقه آثار دنبال حتم استاد گردن نویسان معاصر ایران بالاتر نبوغ میتو لمس تصویر شگفت انگیز شخصیت منحصر عناصر حرفه اعجوبه بدل,1
درسته متن قوی احساس آدم منتقل نیومد بوی امیدی مرگ میده شخصیت اصلی انگار نیهیلیسمه هیچی اعتقاد نداره توهم تنهایی تاریکی جون میده,0
چندمین میخونم لذت,1
نتونستم ارتباط برقرار منصرف غمناک مشوش,0
تاریخ نوشتن حکومت رضاخان بنا مذهب ستیزی ویژگی دوره تکنیک سیال ذهن مدرن ترین فرم رمان کنون سیال ذهن فرم سخت پیچ,1
پشیمونم وقتمو تلف,0
دوستان ظاهر مقایسه درک مفاهیم گرانبهایش عاجز بیهوده سخن گوی,1
کردین کتابایه طاقچه رایگانه قیمته انقد کتاباش طاقچه رایگان قیمت طاقچه دلش خواننده نسوخته قیمت اذیت دلیل نظرتون چیه ؟؟؟,0
هنر ایشون تحسین برانگیز ادبی محتوا ترکیب یاس نفرت زمین زمان,1
سبک مزاج ایرانی خوش نمیاد خارج ایران طرفدار,1
حیف خواندن افتضاح,0
نسخه چاپی روخوندم چندین سال وخوشحالم وسه خوندمش وباآگاهی آتیشش نویسندگی پوچ وتهی ازهرچیزی هستی ازهرچیزی,0
باور کتابو رایگان گذار ازتون ممنون برنامه مجازی تاریخ ایرانو صمیم قلب بهتون تبریک میگ,1
قبلا وبی نتونستم ارتباط برقرار بخون شاهکاره,1
کلا دونم ایرانی انقلاب اینقدر سیاه نوشتن ایرانی جمالزاده قبول,0
فارغ درمورد ایشون صفت تونس بدم نابغه,1
هشت خودکشی جهان غمگین ساخته تلفات جوان اقتدا خودکشی مستندات اینترنت,0
عمرم دنیای سوررئال خوششون میاد مراقب مرگ عسل شیرین حتما حتما روح سیروس شمیسا نقد مطالعه,1
ناامیدی غرق قهقرا دست,1
لطفا بنده خدا گذار رایگان همینطور رایگان کتابهای استاد سرشار آثار اقای هدایته بذارین ملت خودشون قضاوت,0
حیف گذار,0
کشش العاده معنا ماورایی نهفته,1
کتابای صادقو چنتاشو توپ مرواری ولگرد حاجی اقا پرده ترس حرفشو میزنه جالبه توپ مرواری کتابی ممنوعه زمان انتقاب ممنوع زمان انقلاب پیشنهاد بهتون,1
هرک مخالف بزنه نظام بخود وسیله سری میشن مثه بنده خدا دیوونه حرفش عاقلانه,0
آینده کشف سهراب سپهری,1
اصلا متوجه جان مطلب,1
فرزانه آخر کارهای خوان برایم عجیب چطور دنبال حاجی آقا مگر بینی حاجی آقا ولوله بپا زبان فهم زبان نقل مصطفی فرزانه آشنایی,1
مرسی شاهکار هرچ بگم لطفی کتابیه مرگ حتما,1
بنظر گنگ,0
ازروزی روخوندم انگاریه اتفاق توی زندگیم افتاده بصورت ناخودآگاه روحیاتم وتفکراتم عوض تقریبا سال ماه خوندمش نمیدونم بگم تاثیر عجیبه اینه واردیه دنیایی صورت موقتی واون همییشه توی ذهن بمونه کوریه دنیاست,1
میتون بگم دیوانه نبوده,0
میتون بگم عالیه,1
بچه خونده بودمش زمان ازش فهم میترسیدمم مرموز الان سالمه جاهاشو درک احتمالا اینده بخون برا فهمیدن چندتا کتاباشو بخون دونه کفایت نمیکنه دوس حاجی آقا بخون نیومده,1
خواننده دان حوادث خیالی حدی حقیقت نمائی قوی هنگامی خرابه باستانی محل فرضی حوادث مکررا راوی چمدان همراه پیرمرد نعش افق گاهی لرز اثیری صورت دختر بچه کناره نهر سورن بازی واقعیت نمایی مخصوصا هنگامی تشدید باستان دقت خوان روح دکتر شمیسا,0
نظیرشو,1
خنده دان راز ورنه دنیا خندیدن,1
روز بدی نظرم سرگرم استفاده تمرین نویسندگی خواندن هدر زمانه,0
ملت عشق خونده چقدر شبیهن انگار نوشتن,1
گیج انگار خودت چرخ میخوای تعادل حفظ تونی گیج میرنی,0
گیج مبهم تصویر زیبایی لذت دنیای دنیایی آشفته خیالی تکرار زجرآور صورتی خیال واقعیت سختی تمییز مسخ دوست,1
قدرت قلم میتونه اونقدر عمیق ذهن زمان درگیر قدرت قلم ارزشمند جوری شیوه نگرش انگار تسخیر کلمات,1
اونجا یادم میاد کتابی نصفه پرت دیوار العاده تأثیر گذار تأثیر مرگ نیستی پوچی تراو مشوش ذهن بیمار,0
ذهن روح روان بازی پرفکت تردید بخونید لذت,1
اگه سبک وعقاید خوشتون یاد بهتره نخونین اگه خواین بخونین,1
چقدر غمگین عجیب روز دوست نقد درست حسابی راجع بهش بخون دوستان اگه نقد سراغ ممنون میشم معرفی,1
چقدر توصیف دوس پیچیدگی هاش توصیف چهره مکان احساسات روایت قصه اینطور باب میل سری سبک پسند,1
یابهتره بگم نظیره ازخوندنش خسته دوست هرچه جلوتر چقد وجذاب فضای داستانو شکل وادمو چالش درمورد هرشخصیتی هرچ جلوترمیرفتم فکرکنم تصویر قلمدان همون مادر بعدجلوتر تصویرهمون لکاته بعدجلوتر هدف فلان تصویر چیه نماده داستانی پیچیده وپررمز وراز شاهکار واقعی,1
کتابا معیار واسه دانایی نادانی افراده کتابهاس جدا مطالبی تعصب عشق دشمنی بدذاتی نشون میده نگاهی نظرات بندازین,1
شاهکاره بارها خونده تازگی,1
شاهکار ادبیات فارسی,1
عالیع پسند نمیتونه درکش جزو ادم حوصله هستین اصلا نکنین,1
یکم سنگین همدردی خاصی باشخصیت,1
نخونید,0
محشر العاده دارک,1
اگه سبک سورئالیسم فراواقع گرایی علاقه میتونه براتون جالب مسائل اشاره جهان بینی سبک نوشتار پیچ روایت خطی,1
اصلا درد خور,0
عالیه,1
فضای منفی برام خوشایند نگفته طنزه تعجب توهین درک توانایی دیدن دریچه دید دیگرانه اگه نمیتونیم درک قضاوت کورکورانه شخصیت دنیای قضاوت تحلیل رفتار گفتار اساس ارزش خودمان مارشال روزنبرگ احتمالا الان قیصر میاد کامنت بذاره,1
دوست اکثر کسا نمیپسندن سبک کلا ایران طرفدار نداره آخه دنبال قصه پایان خوشن وسط اصلا چقد غیرمنطقی پایانه جور کسا میگن محتوا نداره متن آدمی معروفه نمیدونم چجوری انقد راحت میگید محتوا نداره,1
قلم ترسیم فضای عجیب العاده,1
اصلا درک برام مجهول دیگه اشتیاق ادام,0
کتابیه چندین بخون,1
انگیز عمیق بارها خوندمش ازش خسته نظرم سطر سطر سرسری اینطور ازش لذت بری,1
لذذت بچه مرگ مرگ فریب نجات فرا خوان مرگ دروغ هاییکه حرف مردمان فهم گاهی بازی مکث دلیل صدای مرگ شنو,1
نظرات لذب ممنون همگی,1
کتابی مطالعه نسخه چاپی دستخط خان غلط املایی نداره مشکل برنامست پیشنهاد روحیه لطیفی مطالعه,1
ترین ذهن بازی گیره عجیب گیج همونطور میگه خواب,1
ازش شنو راغب بخونمش وخوندمش ماه درمورد شاهکاره داستانی قویه وغیره یانه نمید فضای خوفناکی ومن منقبض ترس خوندمش خصوصا اخرا حقیقتا جرات ونه دوست دیگه بخونمش امااز خوندمش پشیمون نیستم امتیازی ثبت نظرم نظری امتیاز نمید,0
باری بودکه رومیخوندم قلم زیبابودولی درکش واسم سخت بودشایدبه خاطراین بودکه تاحالاکتاب هاشونخونده,1
سبک آشنایی پیشنهاد چندتا بخونید مطالعه شاهکاره,1
سلام دوستان دنبال نقد ازداستان گرد میتونه راهنما,1
شاهکار ادبیه نوسندگان معاصر نتونستن خلق کنن,1
ریختن عقاید تلقین آرامش مخصوصی خودم,1
کامنت کاربر ذوق زده برنامه کتابخوان دیگه سلام جناب اقای قشنگی نورد ممنون رایگان اختیار قرار گرم ولگرد قشنگ,0
ستاره بتون نویس افتضاح براش زیاده شخصیت فهم انگار بیمار روانی توهمات خودشو,0
ادبیات خاکستری توان بگم,0
شنو افسرده مطالعه تاخیر انداز مطالعه افسرده جالب وباذهن آدم بازی شیوه افکار احساسات طوری میفهمیدمشون حسشون مثلا احساس تنهایی توصیف دقیقا همون احساسی توصیف موقع تنهایی توصیف احساسات عواطف افکار عالیه,1
بدونین شخصیت آقا نفر شخصیت خانوم نفر هستن درک کمک,1
اگرچه گوی اکثر منتقد ادبی اذعان ازین فهم پیچیدگی فضای افسرده روحیات همخوانی لاییک نهایت خودکشی نگاه دین دیده همسر تجاوز ذکرمی گوی نماز خوان اگرچه شخصا دوست پایان زیبایی راوی کشتن همسر آیینه نگاه پیرمرد خنزر پنزر اختلال روانی شخصیت شخصیت اصلی پیرمرد خنزر پنزر دلیا همسر جوان میل مرد قصاب شخصیت همسر سلاخی تصور میتو توجیه,0
تلخ امید سرشار توهم,0
کتابای پوچ گرا ترویج ورایگان اختیار گذاشته,0
کتابای بدرد بخور تری رایگان اگه قصد ترویج خونیه یکم فضا کتابای رایگان کمه,1
شاهکار مثال نداره سنگینی قول آدم راست,1
دختر عمه کتابای اواخر هفته خبر خودکشی الان نفرین دختر خانوادش آدمی,0
عجیب تاریک افکار چیزیه چشم گیره طوری انگار سخته بیخیالش فهمیدن سخته چندین ساعت خودت میای بینی واقعی ترین هستن افکار خودمون ازش غافل,1
آشغال,0
انقد جالبه میخونی خودتو داخل متن تصویر شخصیتا صحنه هارو ذهن تجربه,1
شاهکار ادبیات داستانی ایران تردید,1
ادبیات قوی توصیفات خوبه تاسف پوچ خالیه,0
دینی بگم خوبه,0
زنش میگه هرزه,0
نصف سبک نگارش روان شیرین متن نظرمو جلب تصویرسازی خلاقانه بدیع نگارش چیزیه جادویی میبینمش وادار ادامه بدم افکار آشنایی آثارشو بدلیل روح درگیر نمیشه قبیل همونطور اثری کافکا بهش خند اینا دیوونه,0
اقای العاده نوشتن بدلیل ناسیونالیست اسلام دین قبول نداشتن اسلام دین عرب هاست قول اقای جلال احمد زبان اینو بخونین میفهمین افکار ناامید,1
بهترینه,1
نویسندگی خبره متن روان شکی پوچی متن اخر میزنه ذوق خواننده,0
بگه چیشد,1
هربار العادس دارالمجانین بخونید بینظیره,1
سلام کوری عزیز دوستان کوری الآن توی کتابفروشی طاقچه نسخه اصلی کوره سانسور الآن دیگه طوری کتابی میخوای بری مزاج برادر ایضا خواهران ارشاد خوش اومده,1
هرچقدر تعریف جادو نویسندگیش فضاسازی العاده زیبایی انگار خودت اونجا اتفاقات بینی قلم نشینه انگار تفکرات حرفای خودمه شاهکار ادبیات ایران,1
عالیه حتما بخونید اونایی ایراد میگیرن درکش نکردن رنج کلمه کلمه فهم درست اهنگ هایده زمانی درد فهم اهنگ هایده مستی درد مرا دیگه دوا نمیکنه منو رها نمیکنه میگه,1
اصلا شیوه نگارش نیومد گنگ ونا مفهوم کتابی دلم نشین اصلا,0
عالیه قبلا فایل صوتی گوش فایل نخوندم امیدوارم سانسور نشده,1
وحال منوزجرمیدادانگارکه مجبوربودم تمومش دوس وقت اینجورسبک کتابرودوست احساس خفگی بهم دست میدادوقتی میخوندمش,0
تلخ انگیز آدم جذب,1
فضای مریضی قلمشون قوی اگه ادم ضعیف النفس بخونتش مریض افسرده بردن سطح سواد ادبی مثبت,0
میخونم قلم اقای پاردوکسی درک فهم صمیمی اکه کهنگی لطافت میده,1
بعنوان معلم ادبیات اطمینان آینده متون آثار شیخ اشراق مثنوی مولانا دیوان حافظ مدارس دانشگاه بحث فحص آکادمیک قرار دکترشمیسا,0
نماد سمبل مخفی خواننده عمیق بخونه لایه سطحی هاج واج مان العاده آنچنان استعداد بالقوه پنهان نویس شکوفا توصیف خودمون عمیق نگاه بینی نشانه نماد گرفتن توان خودمون برعکس,1
کتابی پشیمون نمیشید,1
اصلا گیج محتوا,0
العاده,1
کسا میگن تونن معنا مفهوم نهفته درک کنن نظری میگن,1
خوبیه خالی فایده انتها رسوندن اریتمی اعداد میخونه درکی ازش نداره محتوا برد گاهی خوبه پوچ گرایی رهایی مرحله پوچی لذت واقعی برد بهترینند سبک خودشان طوریه میتون حالت تصور,1
بیخود کلاس نذاریم قیافه روشنفکری مزخرف کاش نخونده حیف گذار همش تکرار همش پوچی سردرگمی نظرم اسم میذاشتن توهمات دیوانه وقتتون حروم همچین کتابی,0
اگه جواب بدین سانسور,1
دوستان اخر خانمه اقایی قوز توهمات هستن ؟؟؟؟؟؟,0
طاقچه عزیز مهر جاودان باد طرح نهایت تخفیف بگذار کتابخانه عمومی تحویل امانت تون برنامه مطالعاتیمو دنبال خواهشا تخفیف گذار,0
وسط هاش دیگه ولش,0
اصلی انقدر فضای روانی پررنگ مخاطب کنترل گاهی اصلی تشنه داستانی سنگین گاهی حوصله مخاطب خارج گاهی,0
درزندگی زخم درانزوا روح اهسته خور ومیتراشند زخمهارا اظهار,1
آقا عالیه,1
روان دلنشین گرچه شاهکار جمله فلسفه نهنب ترس فردا میر خودم شناس,1
مگه سانسور سیبیل عشقه,1
توصیف ذهن تخیل قوی نشع میگیره,1
عمیق غمگین اگه صرفا میخواین بخونینو بشین پیشنهاد برا فهمیدن بارخونده,1
توصیفات خوبه تلخه,0
عاشق قلم ادبیات گیرایی افتخار نویس فارسی,1
پسند پشیمون اگه اهل رمان جذاب عامه پسند شلوغ ممکنه برا بعضیا کسل برا منم حوصله سربر هدف بزرگتری دنبال هدف لذت جذاب هدف نویسندگان معاصر لذت توصیفات اینطور سیاه نگاه برام لذت جذابیت ادبیه مخاطب لذت الان جزئیات برام مبهم یادم نمیاد جملات تکراری جالب سفت سخت ذهن موندگار خلاصه پسند پشمیون نیستم,1
شاهکار,1
شاهکار ادبیه توش احساسات گنجانده کسا ایه پیچ روزمرگینگی,1
خوبیه,1
معرکه,1
اتمام نتیجه جوری نظرم میاد فصل فصل قصه جدا زمان مکان اتفاق افت نظرم بهم چسب فصل جور فلش بکی گذشته ذهن بیمار راوی اینارو جدا میذاره واین اونجا میگ شخصیت مثلا لکاته اثیری خصوصیات یکدیگرند مثال دیگه عمو پدر راوی اینارو وصل,1
پسند اولا سخت ارتباط برقرار,1
شاخصه درسته چندان توش نداره جهانبینی توجهی,1
پیشنهاد حتما بخونید گنگ تفکر بخونید توصیه اصلا ولش یکجا بخونیدش,1
اصلا جذب دیگه ادامه ندادمش خسته کنندست,0
اگه میخواین سورئال بخونین پاش الان اثار دیگه اینو دست ندین بستک سلیقه هرکس محشر زودتر باس میخوندمش,1
تنهاداستان عجیبی بودکه,1
پست مدرن,1
سلام نخوندم راستش تعریف نویسندش شنو نظرات دوراهی گرد اصلا وقت بذار کمکم,0
گاهی فهم میگه ذهن درگیره عجیب جالبه,1
عجیب,0
فهم اخر چیشد,0
شاهکار,1
بگم شرح بدبخت دلم براش سوخت اعصاب خور کاش نمیخوندم,0
جالب ومتفاوت,1
رها کردمش موضوع تخیلی مخاطب نورد اظهار عقاید سایه,0
عجیبی نظرم بینظیر,1
شاهکاره ساختار شکن,1
نظری,1
دوس بنظر محتوا معنی ناامید,0
زیبا تمیز بیانی مراتب قوی پیدایش افسردگی حاد خواننده هاش استاد نماد هاش ازش بهره برده,1
نمیدونم بگم رمان تجسم سال همچین رمانی سخته,1
میتون بگم هرکس اخل مطالعه اثار ارزشمند بخونن بخصوص بینظیره,1
سلام ممنون برنامه طاقچه ارزشمند رایگان اختیار مردم قرار خوا توضیح مختصر راجب بدم خوندمش برام گنگ حدودی مفهوم اینبار سومه میخونم فهم خارق العاده اینقدر میخونم مفهوم اصلی تشکر,1
کتابیه راحتی نمیشه درکش پوچ گرایی بهم ربط بهم ربط نداره زرنگ نکته سنج ارتباط عجیبی کلمات فاز کشف ارتباط فهم چیشد اومد واقع موقع ایجاد ارتباط شباهت پیرمرد خنزرپنزری پیرمرد رود توی توهم راوی شباهت لکاته دختر ارتباط قصاب توصیفات راوی شباهت فاز موقع مرگ دختر اینا ارتباطات پیچیده ابهام آمیز رمزآلود هستن نمیشه درکشون هرکس توصیه نمیشه,1
خاک سرد نمناک خوابیده کفن تنش چسبیده بهار آخر پاییز روز خفه غمگین امروز روشنایی چشم آهنگ صدایش خاموش آنقدر خندان حرف بامزه همونطور دونید شاهکار ادبیات همون فهم معمولی,1
کتابی آدم مطالعه توی ذهن آدم جورایی پایدار روز علاقه آدم مطالعه,1
اصلا عنوان توصیه,0
نظرم قدرت توهم ونویسندگشون تصویر کشیدن موضوعات العاده جهت بررسی دید بیماری روحی درکش یکسری جملات عمیق سطحی بخونین درکش راحت زیبا هرکتابی یکسری جذابیت برد,1
خواه تمومش دلم خواست نصفه,0
نظرم درکل درد نمیخوره اثری امید اثری خدا همش امیدی وافکار پوچ وتوهمات وآخرداستان نتیجه خاصی نمیرسه,0
کتابو بنظر هنر زیبایی مبهم جذابیت میبره جذابیت اینه نهایت فرضیات پوچ,1
قشنگ روزه تمومش فضای تاریک سیاه میر,1
تکرار نشدنی,1
نفر بگه ؟؟؟ سنگینی واسم انگار مغز درگیرشه گذر روز احساس لایه زیرینشو فهم حدسایی نفر درکش منم بیدار ؟؟؟,1
سورئالیسم سبک هنری بیاد,1
نتونستم ارتباط برقرار نصفه نتونستم تحمل,0
اشتباه اگه خوندید هفته آواره نتونستید درکش آشنایی مصطفی فرزانه بخونید مطلب دستتون میاد,1
جالب زیبایی درک گیج تفسیر جالب عشق مردم,1
دوستانی میگن متوجه نشدن اخر نقیض شخصیت هاش خوده عاشقانه مخلوط حالات توهم شهوت سیاهی تاریکی ذهن مریض قشنگیه متن عالیه اخر بشینید حوصله بخونید متوجه میشید پسند حتما بخونید صحبتاش مرگ زیبا ادبیه اطرافش صحنه اطاق ادمارو توصیف عالیه,1
متن ادبی العاده پایان ضعیف,0
نیومد هدف چیه گفتن نویسندگی,0
فضای راز آلای پیچ فضای رازالودی میره جالبه میخوندمش منم مکان هارو تصویرسازی منم احساس سکون بهم دست منم موقع گوشه منزوی گرایانه خواننده منتقل قلم احساسات جادویی منتقل ارزش,1
ادامه معنا واقعی کلمه مزخرف انگار,0
فهم واقعاا,0
علاقه مند قصد نسخه چاپ ممنون طاقچه بعداز مطالعه حتما پست خودم نظرم گذار,1
وای قلم عجیب قشنگ توصیف زمینه لذت سپاس,1
العاده لذت,1
گاز خون خفه درد دوا دفعه خودکشی دفعه جون سالم بدر برد دفعه مرد,0
قلم طوریه خاطر نثر روون جذاب جاذبه درست خواننده هیمنجور آخر دنبال غمگینه باتلاقه,1
دوبار خوندمش درکش سخته یجورایی برداشت هرکس همون شخصه جورایی افکار خیام تمش رباعیات خیام همنواست کوزه شراب کهنه بنظر مجاز عمر میگه یکروز خوا خور اونروز نرسیده گور اشاره خودکشی آخر کشت,1
دوستان عزیز دقت توی روز چقدر عزیز آثار روان شاد خانم چیستا یثربی قلم دارن خارجی ایرون داریماا,1
برا سنی مناسبه,1
شهرت جایگاه ادبیات ایران جهان دلیل انتقاد قرار انتقاد ویژگی اساسی ادبیات امروز جهان عوامل شکوفایی ادبیات کمک نما نماینده سبک سورئالبسم ایران سورئال جریال سیال ذهن تصویر مسایل هستی شناسانه روانکاوانه دریچه ذهن راوی بافت تاریخ روایت نقد منظر اصول سورئالیسم مسایل قضاوت ارزش یاب کلیشه رایج کیش شخصیت ادبیات ایران دان لاغیر ایران نویسندگان بزرگی جایگاه ارزش علمی حفظ,1
سیاه تاریک,0
حواستون اگه نخوندین سراغ نیاین سبک سورئاله ممکنه پرت بگید چرت پرتی دقیقا خواب چیش قاطی پاتیه هوا منو یاد تهوع سارتر انداز گویا سارتر دوست ازش استفاده خاطر سبک قروقاطیه اصلا منطقی نگاه احتمالا بخونه برداشت حتما توصیه اگه خوندین برین اینترنت دیگه تحلیل ازش بخونین چیزای دستگیرتون اعتقاد هدایته طولانی,1
علاقه مند سورئال درکش,1
جذاب خیلیا نفهمنش خسته بشن برا اوناایی تشنه سبک سورئال هستن کتابو پیشنهاد سبک اورده نقص نداره سلیقه بستگی خودتون سبک پسندین خیر,1
جالب گیرایی توان جادوی نویسندگی درمورد پیچ تصور شخصیت اصلی احتمالا اسکیزوفرنی تونس حرف میزنه درک زیبا احساسات شخص یکدفعه عشق نفرت شادی ترس برد صحنه عوض کتابی ارزش خواندن توصیه حتما بخونید,1
سنگینی اصلا کتابی هرکس درکش مفهوم بفهمه,1
بنظر آثار نقص پیشنهاد حاجی اقا نیرنگستان حتما مطالعه,1
اثرلذت بخصوص قسمت اثیری نثر زیبایی ضمنا دوستان میزان دانش انصاف نگارش نظرشون اعمال,1
برعکس نظرات واضح پیچیدگی عجیب نامفهوم مبهم,0
نظرم کسانیکه خاکستری رنگ قشنگی دونن حتما بخونن,0
گاهی اوقات انسان منحصر منحصر فرده جهات بگه معمولیه واقع علاقه بهش نداشته میگه منحصر فرده,1
انگیز تخیلی جذاب گیراست لذت سبک خاصی سلیقه نباشه,1
کتابای هدایتو میخونم بگم عجیبی ابهام اسرار امیز درد عشق تاریکی تنهایی زشتی اینا کلمه هستن ذهن میرسه نظرم همچین اعتقادات خودکشی برد تفاسیر شیفته قلم میخوام اثار دیگ بخون,1
اصلا توصیه وقتتون استفاده,0
یکم گنگ سخت بودخوندنش کاش رون داستانو,0
معلق آسمان زمین گیج مبهوت چیکار آدم,1
توصیفات جزئیات توصیف چشم بریدن گوشت لخم توسط قصاب,1
فهم بخوام توضیح بدم سنگین واسه,0
چرت پرت,0
تعربفش شنو بخون دوس,0
پوچ سیاهی توصیف اشخاص اشیاء,1
سلام بزرگواری حرف زدن بلد رمان بخون دنیای واقعی برگرد قاعده مستثنی بنده,0
جالب پیچیده,1
پرویز موافق,0
تعریفشوشنیدم ودرکش سخته ادبیات قشنگی دارع توش منوداشت افسردع ادامه کتابوبخونم,1
برا درک فهم غیرواقعی پیچیده,1
راستش ادم دنیای عجیب باوری کتابی قطعا ارزش یکبار بخصوص قلم اقای چندین بتونی احساسات هوای درک ونتیجه باور قلم تاثیر گذار باشن,1
کاش اونی خیال همون ارزو کاش هیچوقت عوض نشیم شکلات مبین براش ذوق کاش کاش کاشی,1
تمومش حسو عجیبی میده,1
خواندنی,1
شنو دوست کتابو بخون سوال نوجوون خوبه,1
فهم روح استاد شمیسا استفاده,1
تعریف ازش,1
قلم قشنگه موضوع جالب عاشق اصلا نیامد,0
زیبایی,1
درک عمیق,1
جالب واسم نخاس ادام بدم درصورتی واسم جالبه,1
حرف نداره,1
خوبه امید میده وجالبه اخر مخصوصا اونجا معشوقه تیکه تیکه سرازیری میفته واد وحال روازدست میده,1
جالب عجیب,1
زیبا جدا بحث تفکرات قلمشون جزو قلم تاریخ ایرانه پیشنهاد بخونید یکبار چندبار,1
جالب عجیب آدم تداعی هرچ انت نزدیکتر منو محو نقد صحبت درمورد اقای نظرم ادم اندازه بتونه نقد نقد ایشون توسط ماها جورایی خنده,1
لذت مزه واقعی,1
یادمه سالم اسم شنو اومد راستش بخواین فهم الآن نسخه الکترونیکی خوندمش,1
سنگین جورایی پوچی,1
دوست همش درد امیدی ابهام,0
العاده,1
نخوندم سال کتابشو خون عالیه ستاره دارا بدم,1
نظرم نقد بخونید,0
سعید چیه,1
نیما یوشیج اثارهدایت خامی اشنا باعجله نورد اماعده مرگ انحصاری خودشان دوست ورفیق خودشان نمایانند انواع وسایل قدر بزرگتر خودشان بزرگتر مرگ عده نردبام نیما نقص روحی وشخصیتی اشارات ناجوانمردی انرا حمل خیالی اوکرد رفتار شین پرتو هند پذیرایی رفتار درکنگره حمایت شوی گلو بادش تاخودش,0
واکنش لقب معاصر جالبه وای بحال مملکتی نویس تازه انگاری قهار نقل فرزانه آشنایی,0
خودکشی ایثار تراژیک تجدید عهد بشری نیرو کائنات شباهت شوق جذبه نزد نقا شاعران مدرن صورت کوشش خروج گام ماورائی دید وسیله بالاخره دست یافتن مطلق چشم انداز آثار خودکشی پاسخ رویداد تاریخی عمده ناگهان پندار فروریخته خودکشی روشن ترین جان ایران قرن حاضر درست دلیل روشن بینی محکوم جامعهء ایرانی گشودن شیر گاز چهاردیواری محقر غربت برایش گذار مزار یوسف اسحاق پور,0
حیف نباشه زبر دست شاهکار دین قبول نداشته,1
امید آدم خوشبخت امیدوار نشده ستاره زیاده,0
لایه العاده پیشنهاد نداشتن زمینه فکری,1
مهمترین سورئالیسم ایران صحبت دکتر حسین پاینده خواندنی,1
ادبیات معاصر ایران رتبه سمفونی مروگان عباس معروف,1
نقص,1
آشنایی ذهن خلاق هنرمند دلیل کافیه,1
اگه تابحال افسردگی تجربه همزاد پنداری اگه تحربه حسی موقع بهتون دست میده همون افسردگیه شدیده حسی افسرده مدام درگیرشن خوندمش خودم معروف یکم فهم هنرمندانه ترین عجیب ترین شکل افسردگی رنج شدید مخاطب کمال منتقل انگار رنج لای صفحات مخاطب یادگار گذشته کتابی اتفاق برام نیوفتاده کتابی نمیتونه اینجور واقعی انسان منتقل جوری انگار تجربه,1
دوست میتونید فیلم اقتباس ساخته کیومرث درم ساخته رائول روئیز,1
عجیب ادبی لذت پرداز ویژگی فارق پایان ایشون واقعیت تفکر جالب,1
آشنا شید اهل زمین سطور تشکیل دهنده مرز ادبی کشور فراواقع گراییه بله هنوزه جرات نکرده نزدیکشون اگه سلیقه عاشقان سبک حباب موجود دوپای خوش مغز توی حبس مون بیاید بگم چشمام اذیت عناوین لذت بهم اضافه کاش خوندمش حقیقت درک نگاه تیره تابوشکن مخاطب سبک رایج دیگه عادت زدن عینک واقع بینی دارن تونه قدری سخت نرسونده ببوسن پرت کنن ساختن توسط عزیز جوگیر دیگه نادیده فارغ خلاقیت شگفت انگیز داستانی انعکاس فضای ذهنی دوران سطح بسنده نکرده مشغول مشکلات عمیق تری اعتیاد مواد قتل پوچ گرایی لذت خیانت جهان موازی میل خودکشی فهرست طولانی دیگه مشکلات روانشناختی شون توی شخصیت پرداز بدو بدو بخونید قبلش کاسه ظرفیت وجودتون نگاه بندازید اصلا حوصله آمادگی مواجهه موضوعات,1
اصلا نیومد مسئله ذائقه مطالعه مسئله اخلاقیاته مسئله روانه نخوندنی هاست,0
میگن هدف خواندن رمان ادبی سورئال ادبیات تمثیلات قلم لذت فارغ محتوا خوردمان تاثیر سوئی ناخواسته ذهن گذار اجتناب ناپذیر مخصوصا صورت انس غذای روح انسان چطور جسم دقت خوردش ندیم روح دقت مثال معمولا بچه پفک چیپس خوششون میاد اگه خوشمزه بخوره ضررهاشون کار نداشته خوردن صورت تفریح تاثیر سوء مضمون درسته ادبیات دلنشین انس گرفتن اینگونه کتب دراز کوتاه آسیب روح روان انسان زند,0
رمانی احساسی درآمیخته مشخصه صدق جرع کشیده همراه افکار فانتزی روانپریشی دنیای واقعی مرگ احساس پوچی احساس ایکنه بازی فریبکارانه,1
خوبیه حتما پیشنهاد دقت خوان,1
العادست,1
سبکی سورئالیسم خوداگاه درک دنبال معلول وهم خیال واقعیت پیچیده شخصیت اصلی زوال معنوی مردی انزوا خودخواسته قصد خودشناسی اسیر اوهام,1
تعریف بنده نداره تنهایی شاهکاره,1
جالب مرموز حوصله لذت دوس دیگرون نمیدونم علایق تیپ یکسان کامنت صرفا واسه نورد نخوندی اومدی کامنتا بخون خوبیه بگم میگ خوبه اهمیت میده بخون خودت بگو ازش لذت یانه قضاوت نکن ممنون هات تحسین هستن,1
نظیره آنقدر محترم چهارچوب مداره نتونست اثری ابعاد تکرار بقدر استعاره بدیع گاهی زیبایی آدم ترس افته دندان کرم خورده پیرمرد خنزرپنزری هام,1
بهشت برزخ جهنم گاهی زنده گوی برزخ گیج گنگ جهنم عذاب بهشت دنیا کام زیبایی مجسم,1
عاشق رمان اینو میدونم ممکنه رمان اتفاقی بیوفته قرار متن قصه میگ حالم روانپریشی نوشتن اگه نمیفهمین لطفا نرین داستانا نظرشون اشتباهه صراحت ارزش خواندن نداره,0
مدرنه شدت ایرانیه سبکی نگاه سمبولیک یاد آور آثار سمبولیک ادبیات کلاسیک فارسی عناصر موجود روایت فضای شهر باستانی خرابه هاش کوزه شراب نیلوفر ارجاع ادبیات کلاسیک ارتباط هند ادبیات ارتباطی شاعران سبک هندی عرفا کشور هندوستان فرهنگ اثیری توجه تصویر ازش چشم بادامی آبروی کمانی یاد آور معشوق شعر کلاسیک ماست معشوقی بعضا جفا پیشه سنگ ادبیات کلاسیک لزوما خدا هستی میاد اثیری معشوق نماد زیبایی رویا دست نیافتن هستی راوی یادآور عاشق جفا خواه منفعل شعر کلاسیک ماست عاشق معشوق ادبیات کلاسیک داستانی هزار طوطی نامه لیلی مجنون دیده نقدی میتونه عشق طرفه نهایت شکست مرگ منجر انگار سرنوشت نمادین بارها دوره مختلف شیوه مختلف راوی فارسی زبان اتفاق افته همانطور سرنوشت دوره مختلف زمانی خواب بیداری گذشتگان جمله پدر مادرش میاد معنا ادبیات کلاسیک جمله شعر کلاسیک ادبیات سمبولیک عرفانی دیده معنا شیوه مختلف خوانش لایه معنا مختلفه مهمترین مدرن فارسیه شدت برآمده ناخودآگاه ایرانی فارسی,1
الان تمومش شاهکار آدم سیخ نمادگراس کلمه هاش هزارتا معنی پنهون هرکس توجه طرز ممکنه برداشتای مختلف خلاصه قول نیچه پذیر مگر پیشاپیش دریافته اگه احساسات درک نکرده باشین سخت فهمیدن اگه خوشتون نیومده بذارین سال دنیاتون بزرگتر چیزای تجربه کردین بخونیننش کار هرمان هسه,1
انقدر درخشان آدم نتونه درک نقد درستی ازش هدف نابغه ذهنشون سال جلوتر مردم عصر خودشون تعجب الان نسل فهم درکش دشواره نشون نابغه ایشون میخوندمش خودم چطور همچین موضوعی جملات میتونه ذهن آدم برسه انقدر شاهکار رمز راز,1
انقدر جملات زیبا بوسیدنیست دلم میخواد بغلشون توصیش شاهکاره,1
العادست,1
قشنگ,1
فضای تنگ تاریک ذهن مان درک شرایط ذهنی روحی قرار اینگونه آثار سختی روح ابری سیاه نفوذ گفتنیست آشکار تقلید منتظر تائید پذیرش نکته اشاره هرآنچه قضا اینکار انجام بعدی نگاه خواندن قباحت توصیه چراکه دنیای آدم زیبا بوسیدنی دنیای غرق فلذا توان خواندن درک بهتری مسیر زندگیتان روحیات طرز قرار افکار افکار ریشه خشک,1
وحال خراب داستن سردی نمیدن اینقدر اسم,0
دوازدهمین کتابی طاقچه مطالعه واما سالی خوان سالی فضای گذار طاقچه مطالعه کار خودکشی افکار درکل بخوام بگم کتابی فضای سورئال مفاهیم پنهان خواننده نگاه توان مفهموم لزوما سبک سورئال تخیلی تلخ بدبختی درسته زمانه جالب توان طلایه نویسندگانی فضاسازی سورئال توأمان امید فضاسازی بدبختی پوچ گرایی دیگه درد نمیخوره هیچی آدم جامعه گریز روان پریش برسه نوشتن علاقه مند ترجمه قبیل تفکرات درهرصورت توانایی سال ادبیات گستره امروزی فضا انجام بده توان بدبختی فلاکت امید جامعه رمق تزریق,0
کتابی میدونستم گوش چقدر فضای متن دارک شدت اگه دنبال کتابی دارک پرداز قشنگ گردی پیشنهاد راجب متن میتون بگم سبک استادانه,1
لذت,1
عالیه,1
العاده فضای تاریک بهت زده انگار خون فرا,1
شرح احوالات مردم قالب نوشتن اشاره,0
آرزوی آرامش مرحوم درگذشتگان بارها باریکی عشق تنفر شنو عشق تنفر باریک دوسرزمین مرز مان دائما سرزمین عزیمت آنقدر جابه گیج تمرکز شکل پیشرفته استمرار اسیر افسردگی یاس دیوانگی سخت بشری دید ویژگی باهم خلق پاره جغرافیا آنچنان گنگ نویس درک باور معتاد تریاکی مشغول نگارش قصه شاعران کار مراتب سخت تری اعجاب انگیز کلمات ترکیب عبارت نویس آور امری استادانه انجام لحظه قصه ترکیب چنان درآمیخته قصه ابداع لحظه محتوا خواست کنده تفاسیر پایان غریبی رمان اندازه غریب جمله نمیتوان پایان بند درگیری حوصلگی ناامیدی افسردگی دیوانگی خواننده اسیر حدی اسیر نتوان جمله رمان لحظه افت رمان مرده زنده لحظه گوی چقدر زیبا مرده متحرک تصویر قدر درگیر کلافه آشفته,0
میتون جمله بگم بستگی درک اتفاق,1
وبه نظرم علمی استفاده ممنون طاقچه عزیز,1
شاهکار,1
نظرم شاهکار ادبی شخصیت پرداز پایان قصه درست متوجه آنقدر قلم قوی آنقدر انتقال احساسات واژه دقیق انتخاب جذاب زمان حسر نتونستم روز همچین شخصیت جالب ملاقات,1
جذابیت درکل,1
جمله جمله آدمارو فرو میبره حجم مهیج تفکر انگیزه چندین ماهیت نفر تعریف پایان جذابیت اضافه کلیت سبک متوجه میشید بقیه آثار ٪توصیه ولگرد زنده گور حاجی اقا جملاتیه خودتو توش,1
جالبیه دیگه یأس ناامیدی زمان دیگه نشون میده ایرادیه میتون,1
تکرار جمله توش راضی,1
زبون میاره بگه میتون بگم حیف زودتر آشنا,1
دوس اصل طرز نویس کلا طرز بقیه فرق طرز نوشتن خودم مشابه دان دوس افکار روز کاغذ بیاورم,1
قلم هنرمندانه توصیفات تشبیهات پرداز مشخصه اینه افسردگی خداناباور وچیزهایی ازین دست سطر سطر آدمو جهانی ترس ناامیدی پیام جالب نداره نمیخوام ایراد ژانر ربط مغازه خودکشی لذت پیام ارزشمند خلاصه بنظر بهتره اصلا خونده نشه اتلاف وقت,0
اگه مطلبو بتونی عالیه,1
چندین گذر صحبت هدف پایه اساس نمیدونم چطور انقد معروف,0
شاهکاریه قرن زمان جلوتره,1
مجموعه توهم خشونت درگیری مالیخولیایی,0
شاهکار ایرانیه نتونستم ارتباط برقرار,0
جالب جدیدی بهم اضافه دوس اینقد معروف بخون اینقد معروف اصلا لذت تلف,0
زخم خوره روح انزوا آهسته خور ترس احساسات گذار پیشنهاد خوان بگم محتوا جالب شرطی مطالب درک,1
درک,1
دوس,1
سال تصویر نامفهوم ذهن مون کتابای دست مطالعه تموم بخونمش,1
اسی,1
سالها خونده امروزبرای چقدر هاش تکرار مکرر جمله هاش حالت تاکید تکرار دوست اصلا قلم ضعیف نمیشه اونقدر قوی کوچکترین دیالوگ متن وقفه خونی قشنگه والا اصلا انقدر محو پوچی نظرات گفتن بهم دست نمیده لذتی زیبا پایان اونی نسخه چاپی قدیمی خونده فرق سال یادم رفته,1
معرکه,1
خوبیه سبک شاهکار حساب میاد,1
سلام همراه تخیل پرداز اجازه خودتون تخیل کنین رمز گشای مقوله اجتماعی تقدس گرایی نگاه هوشمندانه تفکرات دینی نقد نگاه رئالیست چارچوب اجتماعی گذر,1
زیباست شاعرانگی توش دید لذت برد خاصه,1
ممنون میشم کتابی سبک سورئال معرفی سورئال معرفی,1
حتما هدف درگیر زمانی خوندمش ازش درک گمون تخیلیه آدما نشونه تکراری باشن چیزای دیگه,0
راجبش شنو اعتراف حزن انگیز کتابی سوال اینه نتیجه اصلی ممنون میشم پاسخگو,1
دختر توی پیرمرد شال گردن نماد صاحب نظران بدید خواهشا,1
سوالاتی ذهن ایجاد اسمشو گزاشته جغده توی عکس جلد نقشی ایا همون رمان مشهوریه ازش تعریف میکنن ؟؟؟,1
اولینبار میخوندم واشنایی چندانی ممنون,1
ادبی صحنه توصیف توسط راحتی جلوی چشم تجسم هرگز توصیف القا پوچی ناامیدی مرگ وشهوت منقل بافور شراب ضدیت خدا دین,0
دان کناره نشین گوی نیچه کناره نشین همعصران دنیای روزمره  زیو آدمهای معمولی جامعه تفاوت کناره نشین برعکس متن جامعه قرار  زیو مشاهده درد شناخت درمان بیمار درمان همکاری ابزار درمان اختیار گذشته عنوان قرار تشخیص درمان هراس مرگ دکتر محمد صنعتی,0
ایه دیگه وقت تکرار نمیشه,1
نسخه سانسور,1
زمانی منتشر شهرت دست هورا اصلا عده معتقدند خودکشی رمان اندازه دیده سال بیرنگستان نورد سال ساهاب منتشر دومی دستگاه رضاخان عصبانی پای اداره تامینات نظمیه کشان ممنوع القلم ایام نسخه پلی کپی نویس چاپ ایران ممنوع ایام تعدادی جمالزاده فرست اروپا جمالزاده ایران شناسان برش زمانی رضاخان برکنار رمان ایران اجازه انتشار خوانده یاب شهریور صورت پاورقی روزنامه ایران منتشر حذف قسمت مسئول روزنامه معتقد بدآموزی سالی رضاشاه ایران ایران منتشر صورت ناقص سال پاریس خودکشی چنان ناشناخته خودکشی رمان توسط علوی صورت منتشر سال مرگ فرانسه ترجمه ستایش تازه ستایش نویسندگان سوررئال فرانسوی روشن ایرانی قدر شناس نیرو توده گرا مواجهه مثبت خواه روزگار خوان چیزهایی مدنظر قرار حسین پاینده هزارتوی خواننده توان صورت قطعی رمان طرفی شرحی واقعیات گذشته طرفی شرحی رویا هذیان ویژگی اصلی سورئالیسم تلفیق واقعی غیرواقعی قدری آمیز توان تشخیص سورئال سورئال رویا واقعیت توان نشان واقعیت توان دید,0
خطاب دوستان حقیقت خفه زمین دفن بازه امیل زولا,0
آثار بارها خصوصا شاهکار جهانیه کامنت برام جالب عده دیگه کلا خوششون نمیاد حرف زنن متاثر توهین درد بزرگه تقریبا گریبان مون کمابیش گذره بدتر نشانه جهل نادانی مان شخصیت جمله انسان کمیابی درد فهم درد بزرگی دنیا اومده  زیو همون مرگ درد درک موضوع برمیاد درد کمابیش توی وجودشون تیپ آدم نیستن انتظار خوششون بیاد قول بیست سالگی جان کندن هستین درد کشیدین بودین وجه مشترک خودتون اگه تجربه نکردین درد کشیده وارسته درک انسان قدر بفهمه بدونه عمیق مردم پیرامون فلسفه غور دردمند امید نگرش اثری نظیره دید مردم جهل طمع فریب کار شون درک تحمل راهی کمتر اصلا تونه بره ممنوع القلم تاریخ معاصر ایران بیست نسخه دست نویس هند منتشر سختی تحمل هرگز دنبال جاه مقام تملق گوی آخر ترجیح بمیره آلوده کمر حقارت یادش گرامی,1
حضور تاثیر ادبیات میتو تازه تازه زمانی احساس لذت وافر برد کهنه عصر دیجیتال حاکمیت تکنولوژی آثار منحصر بفردش دنیای ادبیات زمان خوان جهان هستی جدا خلوت سکرآور نشدنی بطن خواننده قعر کشان,1
شعر زیبای جاده نمناک مهدی اخوان ثالث شعر مناسبت خودکشی معاصر ایران سرا اگرچه حالیا دیریست کان کاروان کولی ازین دشت غبار آلای کوچیده دامن خاک دامنگیر برچیده پرس دیده غمناک جاده نمناک زنی بویی آشنا آزار دلخواه سگی ناگاه وزیده تنش گمگشته عهدی مهربان چنانچون پاره پیرار سیه روز خزیده حصاری سرخ اسیری عبث بیزار سیر عمر تلخی باخته ندار قناری سرخ درختی ریخته روز سایه هزاران قطره خون خاک جاده نمناک نجوا یامی تاریکخون دلمرده سوداده کافکا خشم نفرین درد دشنام درود هوش جاوید قرون حیرت عصبانی اعصار ابر رند آفاق مست راستین خیام تقوی عهد هنجار عرب ریش عرش آین ایام نقشی زده مهر مردمی خشم نفرت شوق شور دگر خاک افلاک جاده نمناک دگر مانده غمش آیینه مگر نازنین عیاروش لوطی شکایت عشق نافرجام دیرینه پنهان خاطر سپار طوطی کدامین شهسوار باستان تاخته چالاک فکنده صید فتراک جاده نمناک هزاران سایه جنبد باغ باد برخیزد گهی چونان گهی چونین دان دیده غمگین دگر دیریست منزل ناپاک کوچیده دامن خاک برچیده نیک دان نقش روز روشن جبین غیب خوان نقش بسته جلوه دیده دیده پاک جاده نمناک,0
عمر گرانمایه خواهم_برای فهم آثار گذار جلال اندیشه خوش خال ابهام تلقینات قبول قبول اندیشه مگر سراپا ورطه جهل فرو خواه اندیشه معرف واقع دریافت نقدی گذاره لطفا واقع,0
معرکه,1
جالب خوبیه جمله مهمترین زبان فارسی,1
نویس ارتباط برقرار نکردن بند احساس خفگی همون شبا بغض خودتونم دلیلشو نمیدونید همون وقتایی زندگیتون دلیل دلیل ترکتون نمیدونید چطور ادامه بدید موقع ادمای دنیا شبیه نفر انگار ادمای دنیا یاد نفر میندازن عقربه ساعت نبودنشو رخت میکشن بدتر فهم جدایی مقابلت اصلا نبوده اونوقته رمانو درک وقت ادما میشن صدا میشن ساعت ساعت رفتن ثابت میمونه احساس هامون جور نوشتن نگاه اشک خنده هاش,1
نورد دان جستجوگر خصوصی شاعر هنرمند ورزشکار شیرین لذت کنجکاوی طبیعی موضوع زمانی تاسف کنجکاوی ساده فراتر گذاشته محفلی نشین اهتمام عجیبی ناحق انواع القاب برچسب زدن شاعر نهیلیست دون ژوان بای پلار نام نقد آثار حالات روحی روانی عاطفی نقد برجسته جلوه نظریه ارائه چنان قاطعانه انگیزه رفتار مثلا خودکشی سخن گوی گویا شناخت مان ردخور قضاوت زمانیست هنرمند قادر دفاع سیل عظیم تهمت شایعات بدیهی قضاوت اشخاص کار بسا روزگار شرایط شخص قضاوت قرار قولی کفش مطلب قضاوت مان توجیه خالق جدا آنگاه بررسی توضیح مطلب مخاطب خاصی صرفا عنوان یادآوری آنهم نگارنده,1
کامنت یاد حرف افت خواهم_هفتاد سال سیاه نویس مرده شور عقم نشین دست قلم زبان رجاله نویس مشت شرف مان اراذل لیاقت برایشان کار مشت دزد قالتاق اصلا سرشان حرف خوان خوان فهم نویس آشنایی فرزانه,1
رمان حرفه سنگینه خواننده حرفه میطلبه تازه میخواد شازده کوچولورو پیشنهاد العاده کسا کورو نفهمیدن شرح دکتر شمیسا بخونن یاعلی,1
ممنون طاقچه,0
جالب,0
اصلا توصیه درس آموزنده توان یاد توان دست آور توهم خودکشی دین زدگی توهین مقدسات مصرف مواد مخدر بدبینی شکاک همسر امثالهم ارزش یکبار خواندن,0
اولیت سال امسال تازه فهم نماد استعاره نماد تکرارشونده پازل چین فهم حرف چیه زبان راوی خودشه توی زمان رضاشاهه راوی آدم جامعه گریزه خرافات رجاله عامه بیزاره فرار حالت توی خونه دورافتاده توی اطراف شهر تنهایی شخصیت مختلف اثیری لکاته مادر راوی نماد آینده روشن راوی میخواد بهشون برسه نمیرسه نماد بعدی پیرمرد جوی پیرمرد خنزرپنزری پدر عموی راوی کوزه شراب کهنه نماد خرافات گذشته جهالت راوی میخواد ازشون فرار میاد اتفاقا توی میگه هرچ بخوام رذایل فرار انگار توی خون اخر شبیه اینا همون لکاته اثیری دست کشته میشن پیرمرد خنزرپنزری جوک هندی,1
بخون ازش,1
مغز منفجر عجیب غریب بودتاحالا همچین نخونده چقدر مغز خلاق درعین مریض تونه,1
جالب شابهت همزاد داستایوفسکی دیده سبک طنز سیاه مشهود,1
توصیه سرشار یاس ناامیدی توسط اقدام خودکشی خواندن,0
قدرت تصویرسازی,1
انسان پوچی وجه ارزش خواندن,0
والا نمیدونم نسخه سانسور دارکی تازه میخوام صوتی گوش نسخه گوش نیاوردم,1
خواهشمندم خواهشا خواهشا خواهشا اوایل کتب خوان دلیل درک اتفاقات سخت خودم مطالعه درک دلیل شاهکار خواندن دنبال مشابه کتابی خواهشمندم منم معرفی اخر طرز منحصر خواندن عمق حرف,1
موقع برام جالب تکرار سری جملات توصیف قرار توصیف اطلاعات باشن صرفا تکرار میشدن فهم اتفاق آشناست انگار ازش نظریه برداشت آشناست اتفاق افتاده,1
نوشتن ترس غلبه ترس قضاوت کنن,1
عالییه,1
اسم شنو سانسور جالب برام دوست همون تموم تغیر منم متوجه,1
افتضاح افتضاح ستاره زیادیشه دلیل معروفیت اصلا درک وقت خودتون الکی هدر,0
العاده شمارو گوش میخ کوب پایان ماجرا متوجه بیخیال شید دنبال ادبیات داستانی تخیلی مناسبه,1
اشتیاق نمیزاره استراحت انقد زیبا راحت بنظر ارتباط تورو غرق جوری خودت میلولی,1
عرض ادب احترام پیوندی ذهنیت دیدگاه دنیای فانی پایش ابد مان ذهن پاسخ پرسش زیبا,1
دیگه مغز نیم سوز کسا افسردگی دارن عنوان نرن,1
سال گذشته وبرام تداعی دوران جوانی عاشق,1
فضای جادویی شدت جاذبه خاصی همراه عمق ماجرا کشان,1
چرت پرت محض جملات تکراری خسته هفتصد انقد هیچی یاد نمیگیریدفقط دنیای قطبی روان پریش ناامید درک فاز اونایی پیشنهاد میکردن اصلا درک احترامی یسری آثار پسند اصلا سلیقه اصلا توصیه مخصوصا کسا روحیه لطیف تاثیر پذیر دارن,0
نمیدونستم انتظارمه نشان دهنده قدرت هدایته,1
افکار شخص دوست منو فرو برد مرگ دروغ یکبار صوتیشو گوش یکبار الکترونیکی یکبار مدتی خوا نسخه سانسورشو بخون,1
هستی نخون,1
احترام شبیه آدم شهوتران همجنسگرای کودک آزار ناکام نیازش رسیدگی نشده بفکر انتقام سایرین جملات تکرار الکی بلد نیستم بگم امیدوارم خواندن لذت,0
محتوا مسیر فکری,0
فوقالعاده دلم میخواد بخونمش توی صبح غروب تمومش خوششون نمیاد,1
عذرخواهی علاقه مندان شخص بنده اینه تفتضاح القا ناامیدی انرژی منفی ولا ناامیدیواونقدر بده خدا گذاشتش گناه کبیره نخونید عزیز کتابایی نادر ابراهیمی بتونید,0
نسخه حذفیات سانسور,1
کتابو اساس خوانندش معروف ایرانی باخود رمانا رمان ایرانی بخون پشیمون توهمات تکراری روانپریشانه تشبیه حدودا تکرار نهایت ارزشمنده تعالی دنیا تاریک مبهم ناامیدی خیانت پستی بدترین کتابی تاالان,0
ترین تأثیرگذار ادبیات ایران راوی تعریف درگیر افکار خاطرات تاریک پیچیده ذهن فضای رمان سرد وهم آلای گاهی واقعیت خیال تفاوت سختی دیده زبان ساده نماد تصویر دنیایی خلق تجربه روان شناختی فلسفی شخصیت نام نماد احساسات افکار درونی نکات مثبت توان عمق تفکر قدرت تصویرسازی اشاره خواننده ذهن راوی احساسات پیچیده فهم فضا ساختار پیچیده خواننده گیج سنگین کتابی دنبال ساده دوست عمق روح انسان پیچیدگی ذهنی ناراحت تاریک تجربه ماندگار خواننده,1
شاهکاریه توصیه درک ارتباط گیرن راحتی قضاوت سطح وهوای تیره جور انصاف عمقشه درد معمولا انکار اصلا زبون براشون سفره توی ذهن آدمیه جهان پاسخ مون خونن منتظر کلاسیکن جور اعترافه ناخودآگاه متنی روان شناس عریان نقدش آزادانه کاش قبلش تلاش زنده سال انقدر بحث برانگیزه نظرم تونسته حرفی بزنه کنن بلد نیستن بگنبوف کتابیه اگه گوی کلاسیک بخوای قضاوت طبیعیه نفهم اصلا قصه گوی نیومده زبون زخمیه اعتراف نامه روایت سرگرم اگه تونه ارتباط بگیره مشکل خاطر ناتوانی درک فضای روانی فلسفی بخوای بکوب اسمش نقد سطحی نگر مطالعه توی چیزایی امروز کمتر جرئت بهش برسه نوشتن بخواد عمق ساده انگارانه اندازه بگیره خودشو سوال بره,1
رمزآلود نماد,1
تشبیه لغات قشنگی موضوع پراکن اصلا متوجه نمیشی صحبت ایا فصل خیالات اونه واقعیت نسخه سانسور انتظار گیج,0
خطریه اطلاعات خلقت فلسفه خوان,1
اصلا مگه حرفی دربار هیس,1
کنن میر خونی دیگه تونی منطق تکیه ارزش عوض دنباله بقیه میشی توهم بزرگی اسم محتوا ارزش غول معنا مفهوم قبول تویی فهم,0
نظرم شاهکار کتابی مرز رویا واقعیت شگفتیه,1
مزخرف دقیقا برگرفته ذهن انسان مریض روانی اراجیف اسم شاهکار ادبی خور مردم عده بیسوادی سوت دست میزنن آره العادس شاهکاره مزخرف برگرفته ذهن بیمار ایه بخاطر روانپریشی خودکش انسان ضعیف محتوا,0
باسلام عزیز طاقچه دوست ازقضاوت بهتره شناخت شخصیت مرحوم وصادق مرتضی فرزانه میتونه کمک مقوله بکنه ایشون اززمانی درتهران کارمندبانک آشنا میشن وبعدازسفر فرانسه تحصیل پاریس میرن وتازمان خودکشی جزء معدود دوستان ویک روزقبل ازمرگ درآپارتمانش بااو ملاقات درقسمتی ازکتاب کوراشاره ازهدایت پرس درزمان نوشتن تاثیرمواد یاالکل مطالب بشدت مساله روتکذیب بااینکه درقسمتهای مختلف نوش الکل وحتی مصرف کوکائین توسط اذعان کوریک ازخیل جهات دیگرآثارهدایت ودیگرنویسندگان بخاطرهمین قضاوت شنو وخواهیدشنید,1
دوست,0
محتوا گیج روان انسان بازی ناراحتی ترس نگرانی پایان سوال ذهن میسازه بشخصه درگیر مخصوصا وضعیت افسردگی دست پنجه نرم احساس عجیبی آدم میده توصیه بازه بستگی روحیات چقدر متاثر,1
بخاطر شخصیت نمیخونم نمیخوام علایق نژاد پرست روم تاثیر گذار,0
چرند,0
اثری بهتره انسان خام نخوننش ازش لذت دوست ذهنیت آدم نیازمند روان پزشک فهم جامعه شیوع افسردگی اختلالات مختلف درحال افزایشه درصورتی آگاهی ضربه خور کمک ذهنیت آگاهی کار خودمون ضربه خور بنظر جنبه تاریک روح انسان تصویر میکشه توصیف هرچند عوامل بیرونی برروانی آدما تاثیردارن خواست فضابمونه بوجود اومدن عقاید نقش درکل تفاسیر,1
شاهکار عمیق عجیبه واسه ایرانی واجبه پیشنهاد حتما طریق منابع معتبر نقدش بخونید ابعاد براتون روشن,1
مشت چرندیات مزخرفات ساخته ذهن آدم معتاد الکل تریاک ارزش خواندن نداره حیف مطالعه,0
چهل حالم بدتر رهاش روحیه درتضاد ادبیات توصیفات دقیق کاملی حاکم قصه نمیکنه,0
حیف خواندن گذار,0
معنی نامفهوم,0
افسردگی پوچی ادم دست میده,0
سایه خودم نویس جلو چراغ دیوار افت خودم معرفی,1
سلام ادب نقص انسان صحبت انسانی نهایت مستقیم قرار نگیره نهایت غلط متوهم میرسه نهایت دنیای خدایی لذت واقعی حقیقی درک عدد انسان زمین مقاصد ختم تباهی نیستی انسان حاصل نمیکنه راهی درست انسان حالت صراط مستقیم الحمدلله الذی هدانا لهذا کنا لنهتدی لولا هدانا الله,1
خووب,0
جذاب هاست دوست ادامه بخونید نمیتونید گذار میخونید تاریکی میشید نقطه روشنی نداره فضای روشن انگیزش مثبت نگر دوست توصیه نمیشه,1
بالاخره سال کتابی بعداز شنیدن اسم دسم سالم بعدا سال خوان خاطر ترس شنو محتوا جرات علارغم میل باطنی مطالعه بگم نظرم ادبی شاهکار زیبایی خلق نتیجه محتوا بافت متن ادبی حکایت ذهن مالیخولیایی متن نشان حقیقتا پوچ گرا افسرده آدم اطرافش همینطور فرهنگ سنتی زمانه بیزار بیزاری ناامیدی خلق ادبی موضوع جذاب گیرا شخصیت پرداز خواندن سبک رمان لذت روحیه سالم مثبت پیشنهاد,1
ممنون,1
گنگ اخر اصن منظورشو فهم,0
عجیبی,1
مساویست اتلاف زمان آلوده روح قول بنده خدا حرام کاذب ذلالت,0
نظرم سنگینیه حسی موقع قرار گرفتن فضای آلای تاریک مبهم,0
مزخرف,0
ترین,1
حرف نداره تخیل نداره انگیزه معنا واقعی کلمه سورئال واقعیت تخیلی بنظر دوست ماهری جزو حتما خوان,1
نظرم شاهکاره مواقع حصار ذهنی,1
تکرار حرف تکراری بیهوده رفته بیست نداره ارزش ندارهه,0
سنگین بازتاب دهنده تاریک,1
کتابی زیبا عزیز,1
خاصی سبک سورئال اخر انبوهی سوال جواب باقی میذاره,1
جالب وقت هدر سرشار ناامیدی,0
خودم نقد طولانی برضد نویس وجه خوان دیدن نظرات دیدگاه فهم معنا دنیای مشوش برد گاهی نیس زاویه تاریک قضایا نگر اصولا کارکرد معنا یکبار خواندن ارزد اطلاعات راجع شخصیت سبک سورئال خواندن نظرات نقد راجع آنرا,1
ادبی العاده توصیفات دقیق خفن شخصا متنفر احساس آدم سالمی نبوده لجم روانی طبیعی همچین داستانی ذهن آدمیزاد نمیرسه خدابیامرزدش,1
بنظر جذابیت خاصی برا,1
درک دوبار بخوانیدش,1
کتابایی شاهکار درسته درک مشکله قطعا نویسندگان ایرانی دنیا نداره فکری مردم زمانه خودشان مردم الان جلوتر مردی درک آگاهی سطح شعور منطق,1
همش ناامیدی زند سیاه صحبت,0
کتابی بخونن,1
شاخص ادبی العاده محتوا ناامید یأس ناامیدی انگیزگی آدم القا جذابیت متوسل مفاهیم اروتیک حقیر نقص,0
خلاف انتظار,1
ذهن اگه نگاه خودم بخوام کاغذ کاغذ مداد سیاه خطی همینقدر محتوا صحنه تکراری جذابیت,0
قلم زیبایی پرداز توصیف محیط اطراف خیالات,1
قشنگ آدمو دیوونه اینقد خوبهه,1
عاشق منم روان پریش دوران خودم ادبیات بگی شاهکار بزرگه,1
بنظر گیج کنندست امیدی حرف میزنه پیشنهاد بخونن تصمیم دارن امید باشن,0
درود خدمت عزیز شاهکار جذاب العاده دارک تیره شدت فضای دارکی حالم اگه اهل متوجه میشید شاهکار خوش خوان,1
لذت,1
محتوا قلم زیبا جمله تاثیر گذار خوان نورد ترس فردا میر خودم شناس پیشنهاد حتما خوان,1
زیبا لذت اصلا فهم,1
سلیقه ایه خوشت بیاد اصلا دوست,0
هلیاهنرور براتون عجیب منی میخوام انقدر خوبیای بگم قسمت توصیه نورد مطمئن نیستم آدم پوچ گرایی گرچه ادم پری سرش رمان نویس دومی نداره عباس معروف بهتریناس آدمایی خودشون افکار مرگ خودکشی دارن افسردن بدیه آشنایی مخصوصا زنده بگور هیجانیه نمیشه پایان حدس العاده متن عال پیچیدگیاش جذاب,1
جالب خانواده عزیزانی اعتیاد مواد مخدر الکل گزینه مناسبی زیبای عزیز خوان درس,1
دانش آموخته رشته ادبیات زمینه مطالعات محتوا انتخاب واژگان پلیدی نفرت سیاهی پوچی امیدی القا شبیه هذیان بیمار روانی,0
روحیه حساس نخونن مشخصه دوست,0
مبانی افکار مشکل دارن اصلا کار عمق انحرافات متون ایشون شخصیت لایق نیستن,0
جذاب جلو جذب پایان یکم گنگ مبهم,1
اینقدر آثار تبلیغ درصورتی آثاری مراتب آمورنده نویسندگان چیره دست کشورمون سختی ذهن قانع آخرش بخون اصلا جذابیت,0
مزخرف کتابی,0
بنده انسان روانی بدبین هرز,0
صفحات ابتدایی خوان اصلا انتها خوان,1
اگه ذهن منفعله اینو نخون,1
العاده مطمئن نیستم تحریف نشده سال ممنوع الچاپ,1
سرشار تاثیر مخاطب ولو,1
دنیا,1
واقعیت خواه بگم سبک نیومد جالب هرکس میخونه اولا بدونه محدودیت سنی دوما ادبی تخیل عالیه یادتون نره ریز یکسری تفکرات توی القاع تفکرات مذهبی توجه باشین گرا مذهبی کلا تفکراتشون چطور خواهم_بگم آگاهی خوردتون نره,0
رمان قدری جذاب نفس تحسین انکار موقع رمان همراه احساس پوچی روانپریشی حتا احساس قلم جادویی ذهن تسخیر افتخار,1
شاهکار,1
نظرم بارز ترین نقطه قوت هیجان تخیلی متن خواننده خواندن خسته نشه اتفاق افت پستی لند خواننده خواندن ذوق شوق دست نده,1
پرداز العاده قوی ادم توش میمونه یسری اتفاقی افته نمیشه اصلا سیر ماجرا بینی ذهن ادم درگیر,1
سورئال موفق سرشار نماد تقریبا واژه برچسب نماد اشاره تناسخ داخل منرو انداز قبلی بعدی روح اعتقاد صرفا جذابیت تئوری ناخنک زده شباهت اوایل رمان چشم هایش علوی جالب عشق نقاشی چهره,1
بیخود نویس آدم صبح حالمو ترس بهم خوردگی خداروشکر انسان روزبه روز آگاه میشن ابزار تکنولوژی کمک مان عشق نفرت غیرت شهوت ایمان دیوانه احتمال مید رمان حالت جنون درد ناگفتنی درمانی تحمل نفر پناه برد آغوش رها سپر کار برمی خالق متعال باخبر,0
سورئال قوی حسی چیزا دریافت نمیتونیم کلمات ادا متن جالب همشو یکسره تموم محتوا روان پریشانه یجوری دارک همینجوریشم ندارن پیشنهاد نمیشه مود خودشون بدتر سنین پایین خودم درک کاملی زناشویی مسائل عشقی عاطفی دراین زننده انزجار اور,1
طاقچه سپاسگزار,1
برگزیده ترین قلمداد دوبخش ایران عصر ادبیات کنایه ایی تصویر شکوه جلال عظمت ایران صحبت زبونی زوال ادبیات اعتراض ایران عصر بخصوص استفاده,1
اصلا قشنگ,1
صفحات مطالعه لذت خواه سانسور حذفیات لطفا راهنمایی,1
توصیه,0
شاهکار,1
سنگین عمیق تامله حالت سیاه افسردگی زیبایی مجسم قشنگ ارزش اینهمه تعریف,1
بنظر هرکس تونه ارتباط بگیره مثلا سال مخاطب تاثیر اگه سال کتابو میخوندم ازش متنفر آستانه سالگی مسحور حتما نقد تحلیل مختلف بخونید تجربه لذت درسته دیدگاه ذائقه تلخ بدبینانه زیبایی تون انکار,1
هیاهو احساس تلف اصلا سری بگن سورئاله فهم مگه فهمیدن قراره اضافه هرچند پرداز,0
موضوع محتوا پوچ بدترین کتابی خونده چرند,0
گابریل گارسیا مارکز نویسندگانی قرن ازشون متولد خوشحال قرن آثار توصیه مطالعه فرمای برنده نوبل ادبیات توان باتشکر نوری,1
توام توهمات عنوان جوان نوپا پیشنهاد دهم امید,0
خودنش خوبیو بهم,1
محتوا ادبی سبک سورئال شخص مطالعه دایره لغات متن کلمات استفاده پیچیده ادبی نمیتوان رمان رئال انتظار محتوا علمی پایان مطالعه جدیدی معلومات اضافه نشده مسیر مطالعه لحظه تصور رویداد لذت برد,1
خدایا چرااینقدر آثار دارک وحشتناک بااینکه شاهکار هیت اصلا ابدا نتونستم ارتباط برقرار روحیموبهم ریخت,0
آدم چجوری جنگ جهانی عبور چطور حجم ناامیدی عقبگرد اومدن جنگ جهانی افکار نگاه تاثیر بسزایی بنظر انسان حبس نکنه رگه امید دنیا بچشمش میاد ایجاد امید باقی آثار بخون,0
آدمی نیستم بخون کتابی نمیتونم بخون حوصله میره واقعاا قشنگ,1
پند آموز بخون تخیلی وقت آنقدر مواد مصرف سایه خودم حرف,1
نظرم جذاب علاقه وبی صبری منتظر پایان کاش لغات شماره ورق,1
درک خاصی کسل سیاه,0
ادبی نظیریست دقت خوان,1
خاصی آلیس سرزمین عجایب انگار نفر خمار حالت خواب بیداری دنیا عجیب قواعد عجیب میره اتفاقات عجیب غریب دیگه میوفته,0
سبک سورئال تشخیص واقعیت خیال مشکل توان گناهکار گناه تشخیص زمانی خاصی دیده ژانر تصویر فضای وهم آلای تاریک تکرار وحشتناک خواندن جذاب مخاطب لحظه آخر جذب,1
حتما بخونید,1
صوتی ماه,1
العاده,1
نظرم سنگینیه کوتاه شرایط معنی کلمات بفهمه میتونه براش,1
شخصا کتابو دوست وازخوندنش لذت بدی بهم منتقل نویس احترام قایل کسا خوراکشونه ومطابق سلیقشون,0
تریلر روانشناختی نفر فیلمنامه بنویسه فیلم هیچکاک ترسناک جالب دقیقه شخصیت اصلی اتفاق افتاده قشنگ اومده ذهن مشوش شخصیت اصلی تعریف فیلم مشابه,1
کتابی عمیق سطر دقت خوان جالب حین خواندن ذهن عالیس سرزمین عجایب کلام بینظیر,1
عالیه,1
بای,1
شاهکار ایرانی,1
بنظر عجیبی واقع همش توهمات مجموع علاقه,0
لحظه,1
خوبیه پیشنهاد بخونیدش,1
شاهکارن,1
تشخیص ندادن مرز خیال واقعیت ویژگی جالب,1
عاشق بوفه میخوا بخون خواندن نظرم عوض احساس راح,1
نسخه سانسوره جالبیه پیچیده اگه سورئال دوست دارین حتما بخونین,1
تونسته نظرهارو جذب بکنه شهرت جهانی واسطه متن فضا پوشیده حجم وهم سیاهی پسند زمانی نخونده برام جذابیت خیال وهم الود فضای شدت سیاه تصمیم دیگه اثاری نخونم فضای فکری متن شدت انسان سوق میده ناامیدی,0
آرامش ذهنی افکار احساسات مختلف زیبا فهم نظیره,1
عالیه حتما بخونید رمان جالبیه,1
اولو گوشیو خاموش کردمو بهش قویه تخیل پیشنهاد مید تامل,1
بند بخاطر پیچیدگی شدت حیرت کییف وبار تازه حساب کار دستت میاد عالمی واسه,1
خوبه تراژدی ترسناکه وحشت اوره,0
شاهکار اعیار,1
دونم احساس دیوانگی بهم دست,0
ادغام مرگ دیدگاه,0
سلام قلم سبک دوست حقیقتا موضوع طاقچه ممنون بابت رایگان,0
روایت یکسری اتفاق میشن افکار لابه لای اتفاقات پسنده بخاطر اینه دنبال ماجراست غافل کلمات پیچیده نوشتار خارق العاده دست مریزاد نظری ادبی نظیره جزئیات العادست نقدی ریز آدماست قشنگی ماجرا اینجاست جایگاه نقش قرار میده لحظات,1
لقب شاهکار ادبی مید محشر رمانی چاپ,1
نکات مثبت ازونا توانایی تصویر کشیدن امید جذاب ترین شکل چندجای زمانی غرق ناامیدی چیزهای زیبایی هرچه صورت بارقه امید زنده ماندن توصیف جوری خواننده حیران جور تضاد امید ناامیدی شکل,1
قسمت انگار فهم مقصود نهاییش چیه خواد بگه قسمت دیگه فهم انگار فهم نهایت تاریکی تنهایی نهیلیست ازش برام مون,0
داستانی رمز راز حاشیه ایرانی خواننده مبهوت فرو برد طنین چندان زیبای کلمه تاریکی وهم مرگ تاثیر قلب ذهن خواننده گذار روایت عجیب دیدار عجیب توسط عجیب نهایت قلم عجیب,1
سلام فهم,1
تاثیر گذار,1
طولانی نداره سنگینه نمیشه درک کردش کتاباس میخونی تیکه پازل برات میوفته ارزش خوشی ناخوشی یجا,1
سلام دوست اتفاقا هفته اصفهان نصف جهان سفرنامه جالب اینک زیبا ماورایی بگم کتابی متن چنبار بخون بخاطر سخت بخاطر جالب مثال توصیفات جالب اونجا توصیفات زیبا یخورده ترسناک ماورایی توصیه گوش بدین جالب لذت میبرین عاشق میشین میخا قطره خون تقریبا شبیه بخون,1
کتابی خوان پیشنهاد زنده بگور خوان,1
شاهکار الان جوری حسو توی کتابو حداکثر میخوندم فهم اصل قضیه چیه بنظر نویسندگان معاصر عصر حاضر,1
اگرچه محتوا مشکل قلم اختیار هرچه خواسته قلم آور,1
کتابی مون بخون بخون دارو المجانین قسمتی سختی میخوندم برام قسمت جذاب,0
بنظر قلم العادس,1
جالب سنگین عجیب نثری زیبا,1
تعریف شنو نیومد واقعیت,0
احساس دیگه بخون متوجه بشم نظرم سنی بزرگسال فهم پرداز توصیف صحنه اثار غافلگیر عجیب جورایی ترسناکه همزمان برام جالبه طوریکه میخوام وقفه بخونمش اخر جالبیه,1
میتونه راحتی دیدگاه آدمو عوض,1
دانلود خواه نوجوان,0
بنظر شهامت اگه آدم آثار معروف نتونست ارتباط برقرار معروف زمان برام جذابیت شخصیت ارتباط برقرار آشفتگی ذهنی نگاه امیدانه راوی,0
محتوا قسمت جذاب خوان ذهن خودم تصویر ذهن مجسم شخصه خواندن لذت پیشنهاد,1
زیبا متوجه فرهنگ لغتی محتوا ممنون طاقچه تشکر برنامه ساخت سال بزرگتر,1
توقع ایی خوش قلمی خواندن توانایی قدرت ذهنی,1
افسردگی استرس القا آنقدر قلم قوی سراغ توان گذار,1
برترین تاریخ ماندگار رمان جهانه,1
پردازیشو پسند یکم دقت فهمیدن,1
دوس امیلی منه نگین سالکی الانمو نشون عاشق موقع منم شعر خودم جاش حساس جاش مغرور عاشق عشق ورزیدن روان دوس تموم هروق حالم میخوندمش بشم دختر کوچولوی کجاس عاشق,1
پیشنهاد بخونین جالبه احساسات شمارو کار میگیره,1
مخصوصا لیوان چای قهوه,1
فهم آخرش,0
بزرگی کتاباش مفهوم عمیق هستن شکی منتقدین ادبی صاحب شخصه بگم سختی تونس تمومش هیچی فهم نتونستم نکته متوجه بشم همش هذیان افکار مغشوش ذهن بیمار نئشه تفکیک کدوم اتفاق افتاده کدوم اتفاق خیال راوی نتونستم ارتباط برقرار,0
پسند,1
سطح دانش بهرحال کتابیه روان ادم بازی خودتو درش اونقدهاهم بقیه میگن شاهکار نظرم کتابی شاهکاره جذابیت شوق دونستن ایجاد مبهوت فهم انسان روان پریش طرفی قاتل نمیدونم پیشنهاد سنین بیست سال بخونن,0
نمیتونم واسه توصیف بگم سرنخ هرچ میره جلو شوکه,1
جزوء زندگیم پرداز عمیق زیبایی خواننده درش غرق شکل لذت توصیه حتما بخونید,1
خونده بتونی ارتباط ظاهر رابطه چندانی جملات نمیشه عمیق متوجه میشی چقدر زیبا تونسته بیمار روانی درک حتما مطالعه توصیه,1
کاش صوت,1
غریبی لمس متحیر میمونه قلم عالیه بنظر هواشو دوس لذت,1
مفهوم,1
ازون کتاباییه روز ذهنتون درگیر قراره سنگینیه شاهکار ادبیه ایهام معنی ازش برداشت پیشنهاد تفسیرشو بخونید کتابو اینجور لذت,1
سلام چندان متوجه یام کتاباس بخون,0
سال گاهی ذهن میاد میره زمان نبوده جلوتر زمان,1
حتما بخونید,1
نظرم احساسی انگیز متن دلم خواست ادامه بدم,1
باران خوش اندام شاعر تصنیف سرا سپاس یادآوری فراموش دومرتبه فرو رفتن,1
کلمات نوشتار وجه توصیف بنظر ایشون بزرگان ادبیات معاصر متعصفانه حقشون لطفی ایران کمتر آثار ایشون مطالعه ممکنه خصوصیات جور نیاد امری طبیعی لطفا اگه سلیقه سازگار آثار کوب,1
جالبه درک سخته,0
جالب رایگان واقلا موضوع لذت,1
هرکس معنی حالیش,0
اوایل اتاق سیاه افکار آشفتش صحبت,0
مفید حتما بخونیدش,1
درک عمیق دارن,1
قسمت رایگان چندین ماهه تکراریه لطفا بررسی ممنون,1
احساس خستگی محدودیت انسان دست میده,1
خوبه درسته یأس امیدی خوبه گریم جذاب برا شخصه,1
خوبه پیشنهاد بخونید نصفه وسطا نمیدونم خواب میگیره,1
توصیف دقیق محشره توانمند ماهر,1
اثری هوا احساس تلخ لذت,1
مرز واقعیت رویا بشید سوال اساسی سوال دلیل زنده دلیل دیانت دلیل ذات خدا دلیل آفرینش دلیل کارهایی مردم عادی هستن انجام میدن نگاه دیدگاه,1
نسخه چاپی خوان کتابی پیشنهاد حتما مطالعه پیشنهاد خواندن ادامه خواندن پرداز,1
اصلا معلوم هدف چیه نتونستم بخون یجورایی واقعیه نمیشه درکش,0
گیج انگار اتفاقات تجربه,1
عینه فهم فهم یخورده فراق بال,1
هوای آدمی دنبال دیگه زندگیه بهتون پیشنهاد,1
روح انسان دفتر نقاشیع شبیه تیکه خمیر بهش شکل مید کسیه تونسته سفالگر ماهر کار انجام بده سفال نشون میده متوجه نشیم تیکه سفال خوابیده سال خاک بازی کردنه,1
ماندگار ترین هستن ماندگار حواشی زیادیه حتما ارزش کنکاش,1
گنگ چندبار متوجه موضوع نشان دهنده سبک,1
مضخرف حوصله سربر چقدر میخوندم یکم نوشتش دلم بشینه اتفاق نیفتاد همش ملوم چیه کیه نورد حالمو بهم,0
سلام رفقای خوان توصیه بتونید نهایت لذت شاهکار کلمه توی متوجه نمیشید توی گوگل معن پیگیر اطلاعات عمومیتون متوجه میشید صورت روزنامه وار بخونید بخونیدش قضیه واستون روشن قراره نکته توی دیتا اطلاعاتی بدست میارید تاثیر سختی بستگی مطالعه اینطور بخونیدش اصلا مشکل امیدوارم نظرم میلتون علی,1
خواندن تجربه پیشنهاد مید وقتتون گذار,0
سلام نخوندم باخواندن نظردوستان دنم بخون یانه لطفاراهنمایم,0
بیمعنا زمانی دنیا معنا دلیلی دنیا توان جلوی مرگ همینطور چقدر فرار توان دنیا بیمعنا ارزش نداشته فانی معنا انتخاب تاثیر قاتل روانی,1
لطفا رایگان,1
اوبه پوچی ودراخر دست خودکشی نظرمن اندیشه ادمی ارزش خواندن بگوئیداین هنریست هنراوست اندیشه خوراند,0
افکار توهمات مرد مبهم رازآلوده ذهنو چالش میکشه کشش گیرایی ادامه کسا علاقه رازآلود مبهم دارن خوبه سلیقه هرکس جورباشه اومد,0
باطل تکراری نشانی انسانیت مردانگی زنانگی واقعی روحی شخصیت باشخصیت واهی نشانی ذره عقل هدف انگیزه شرف نشانه هایه ادم چقدر دیوانه وار کلمات جمله ساخته بطرز عجیبی ادم گیج منتظر چقدر واضح دیوانگی اعتقادی فرو مایگی تصویر,0
خیال پرداز توام وهم وخیال دربین نکات گنجانده بشدت توصیه,1
ستاره نمید بخاطر تنفر متن,1
اعتیاد,1
بهترینه,1
فیلم دیدین نفر بازیگر دلایل اتفاقی براش میافته آخر فیلم نفر فیلم جلو میبره طوریه افکار خیالات اصلا چسب,0
آشتگی ذهن روانپریش آدم میفهمه خودکشی آخر خودکشی مرده,0
کنجکاوی ازش نیاوردم منو جذب وترساند وافسرده خدا شکر حتما هنری گیج مخاطب دنبال,0
زبان قاصره سکوت,1
خیالی اطراف جامعه خودمان خیانت برادر برادر افسردگی اعتیاد ازدواج هویت عینه وهس وهس خوان دوستداشتم سال واقعیت روز,1
قشنگ تصور چالش جالب,0
محبوب دلیل توان جار عاشق ادبیات فروردین کار,1
وجهی توصیه,1
دید زمینه اسکیزوفرنی جنون انقدر گیرا جذاب نمیشه گذار چندین مختلف داستانی تکرار واقع خاطر جنون,1
طرز نوشتن روک گوی وطرز نگاه مسائل دوست درست نظرم عالیه خوندنشو توصیه,1
ازش سیر,1
جذب,1
کتابو متوجه دراینترنت چندتا مقاله وتازه فهم خواسته بگه,1
چطور فروش اصلا ارزش ندارن ملحد,0
دوستان نسخه سانسور نشده,1
سانسور کامله لطفا زود جواب بدین,1
چاپ همش سانسور شدس تحریف طوری دیگ اصلا اسمش بنظر تحریف ارزش نداره توی خیابون انقلاب تونید چاپ قدیمی اصلیشو لذت,1
واقعاا ارزش چندبار خوانده,1
عالیه,1
یبار ترس بخون,1
نامه دوازدهم فوریه بمبئی مجتبی مینوی نورد حراج دائمی مادی معنوی دستم خالی کبر اندازه طفل شیرخواری مسلح نیستم شعر حفظ سیاق یاد جاکشی عمر عزت احترام صورتی محتاج روز شاگرد قهوه عاقبت زبان پهلوی زبان فرانسه قصه نویس نقد زبان شناس واژه شناس مردم شناس تخصص زبان انگلیسی زبان عربی قدر دان نقاشی دستی بنیان گذار رمان فارسی مرگ چنان تلخ کام منتشر نشده پاره زنبیل ریز تکه کاغذپاره جاده نمناک محمدتقی غیاثی تأویل چاپ تهران نیلوفر,1
اصلیه سانسور شدست اجازه چاپ,1
دونه نسخه اصلیه سانسور,1
تونس بخون توهمین جملات ادبی پوچی منفی گرایی شدت درش موج تحسینه بتونه احساسات خواننده منتقل احساس سرخوردگی ناامیدی خواننده مضره موقع زهری مونه توش شکر قاطی گرچه شیرینه سمیه کشنده محض آشنایی تفکرات خوندمش توصیه مخصوصا قشر نوجوان سنین حساس قرار گرفتن ذهنشون شدت تاثیر پذیره,0
صداقت شجاعت کلام وقایع وناهنجاریهای اسلامی واقیعتهای دوستان متعصب برداشتی گفتار عمق مسعله پرداخت ومتوجه اگاهی لازمه روشنفکریه,1
درود همگی نظرات دوستان میخوندم دریابند توجه خودکشی کار موضوع تصمیم شخصیه ادم هدیه میده ورا معادلات زندگیه عشق وفا پاکی خودباختگی حمایت مکاشفه زمانی معنا اندازه ادم جهان برداشت هوای چجور داستانی عاشقانه جنایی خوان نظرات بخاطر خودکشی رتبه رسیده بگم غلطه اثری گذار نباشه رتبه زمانی نمیرسه لیاقت جایگاه ذهن خودکشی,1
سلام دوستان طاعات عبادات مقبول درگاه خواه پرس نسخه درس طاقچه دانلود مثلا شیمی سال دبیرستان همون دانشگاهی کمک درس,0
بهمن تهران درگذشته فروردین پاریس نویس مترجم روشنفکر ایرانی همراه علوی چوبک پدران نویس نوین ایرانی دان پیشگامان نویس نوین ایران روشنفکری برجسته محقق رمان مشهورترین درخشان ترین ادبیات داستانی معاصر ایران دان هرچند شهرت عام نویسندگی آثاری نویسندگانی ژان سارتر فرانتس کافکا آنتون چخوف ترجمه حجم آثار مقالات خودکشی تأثیر ژرف روشنفکری ایران فروردین سال پاریس خودکشی آرامگاه گورستان پرلاشز قطعه پاریس واقع,0
روز پرس زیبا آثار چیست خودکشی اوست نصرت رحمانی,0
درکل اقای قلم دارن اثارشون زیباست مرسی اقای,1
علوی دوستی ویژگی علوی نزدیکی محشور زبان آغاز دوران مدرسه ابتدایی غلامعلی فریور رجال پاک وارسته دوران همکلاسی کوتاه نیمکت جلوی کلاس پهلوی شوی همکلاس دوستی انجام علوی سال آلمان تهران جستجوی دوست قدیمی غلامعلی فریور پرداز مصداق عاقبت جوینده یابنده یاب روز خانه غلامعلی فریور پروین دختر ساسان دستش افت خوان کتابهای موجود دوران سطح شکل محتوا فریور پرس کیست فریور پاسخ جوان خوشمزه آشنا مدتی گفتگو روز علوی فریور خیابان ناصریه زمان ناصر خسروی بعدی کتابخانه معرفت تصادفا فریور آقا سرآغاز آشنایی دوست بعدها مسعود فرزاد مجتبی مینو پیوند بعدها ربعه نام نامگذاری ربعه علوی شرح روز مینوی فرزاد بعدها پیوند دیدار مرتب بازار ادب انحصار هفت هشت شخصیت ممتاز حکمت تقی اقبال قزوینی سعید نفیسی روز مقدمه فرزاد خودمان گروه ربعه بابا ربعه معنا فرزاد پاسخ معنا سبعه هفت قافیه ربعه سبعه وگرنه نام برنامه زاییده شوخی,0
مسخره مزخرف,0
دیگه نداری بری,1
ادبیات معاصر ایران اشعار فروغ شاهد ظهور حضور صورت ازلی بانو اصل مادینه روان اشعار فروغ بانوی هستی جلوه اساطیری زمین مادر ظلمت جاودان ایزدماه طبیعت جهان راز عشق تخیل متجلی مادر برخاسته اعماق روان ناآگاه قالب زنان گوناگون چهره بهشتی دوزخی زنان واقعی ظهور بانوی هستی اسطوره نماد صور ازلی گلی ترقی,0
درد خوره مرموز خور روح مرا انزوا روز تراش بلع دان مردم جغد رود کما هرشبی خواب زند سرش تاب کابوس فحشی جهان ناموس نوبت پریدن زمان زمین ریدن زمان زمین لای جمله دائما تپق تپق لای حرف لزج نفرت فحش سؤال سمج مردم خرافاتی زاهد مفتی خراباتی گیج سردرگم جغدی پیر غرق تلاطم دائما فرو فحش تیغ گلو بشد شبی تسلیم الفاظ جهان فرو گاز انزوا جغدی پرشکسته صادقانه غمگین خسته بهمن انصاری,0
برهنگی تکه پارچه بستگی برهنگی توجهی انسانیت شرافت انسانی شخصیت انسان,0
یادداشت خودکشی دیدار قیامت شکن نوزده فروردین سالروز خودکشی,1
کتابی طراز فراتر نویسندگی ایران تضاد دیالکتیک نمایش انسان ذهن تضاد زیبا زیبا چشمش مردی قوه مردانگی,1
حتما بخونین حقیقت همینه,1
خوان هایش ابهام خاصی,1
کارهای اصلا نمیاد ترس تاریکی سیاهی اعتماد ادم القا انگار دنیا سیاهی تباهی نداره ادم سالمی اگه کارهاشو بخونه متوجه بیماری شخصیت روانی ادم,0
توانمند بیماری افسرده دلیل نبوغ خلاقیت ادبی توان هستی تحمل,0
انصافا زمان بالاتر رمان منکه عاشق فضای متوهم رمان بنظر جورایی جالبه خدابیامرز چقدر داغون قلم تابلوئه نور قبر بباره,0
فروش برا بوفکور گزینه اصلا برا ایشون حرف مرد رسم,1
احساس بخونمش بفهممش عالیه حرف نداره میتونه اخر برام بگه ذهنمو درگیر مبهم تموم,1
انسانی عجیب رمانی عجیب ستایش رمان ابتدایی رمان زخم خوره انزوا روح آهسته خور تراش,1
عقاید ایشون احمقانه دیوونه واره حتما همچین آدمی خودکشی میره,0
هیچکس اسرار ازل نبرده اصلا اسراری تأثیر مثلا جهان محدث قدیم درد خور جهان محدث قدیم حدیث چار ساقی وقت خودمان حواس عنصر گذران امید هراس موهوم بحث چرند وقت خودمان تلف بهم باف افسانه محض معما کائنات بوسیلۀ علم دستیاری دین هرگز حقیقتی وراء زمینی رویش سعادت عقوبت گذشته آینده مابین نیستی سرحد دنیاست دمی زنده ایم دریاب ترانه خیام,0
قول دوستان آموزشی نتیجه نداره صورت ماهرانه ناخودآگاه ذهن آدم درگیر توصیف جزئی نظیره,1
سانسور اشنا عالیست درک فهم غیراینصورت بهتره اصلا نخونی,1
مزخرف بیهوده زار مطالعه کسا میگن فهم میگه تقصیری ندارن مزخرف محضه مردک روان پریش معلوم,0
اصلی,0
سلام میتونه کتابی ارتباط حقوق مرد معرفی توی طاقچه موجود ممنون میشم,0
سوال خواه رمان هرچیزی واسه سنی,0
حیف چراغی بدین روشنی خاموش قول گوی دنیا احتیاج ژان ریشار بلوک مشهور فرانسوی,0
عنوان شاهکار مجله شماره ژوئن آندره برتون بنیانگذار جنبش سوررئالیسم,0
اصلا تقریبا افتضاح,0
بالاتر مگه رمان دیگه,0
خداوند مرحوم رحمت قضاوت درمورد کار درستی پدر شنو وقت خواه درمورد قضاوت آرو بگو مگه خودم خطاب خودم عرض برداشت بدی میدونم ارتباطی خودکشی زیبا سبک مطالعه لذت مرگ هستی چشم نگریسته سرنوشت یکسان توانگر شناس گدا کار درستی همچین اسطوره دیدگاه واقع بینانه عنوان روان پریش دیووانه ازش یاد عزیز ممنون خاطر هایت طاقچه عزیز سپاسگزار خاطر,1
شاهکاره نویسندگیه عقاید مخاطب نهادینه سبک هدایتو تحسین هرگز نتونست ایشون سبک اینچنین هنرنمایی فرا واقع گرایانه پوچ گرایی سرخوردگی اجتماعی سمبلیک تحسین بخاطرسبکش هرگز اعتقادات پوچ گرایی هرحال خودکشی,1
آخرش جوری تموم انگار قراره شکل دیگه ایی ادامه,1
تفکر,0
بهره فلسفه خودشو سایه مردم اونجور بشناسونه شکلی مردم شناختن سایه خودشو سایه معرفی ادبی مفهوم قویه مغز مشکلات روانی سخت ترین لحظات زندگیش کودک یاد میاره عقب برمیگرده,0
خوان خوان,1
جالب نیس تخیلی جورایی افکار سیاسی اجتماعی توش افکار اصن معلوم چیه مقصودی,0
العادس,1
قرار آدم معروف کارا کتابی خواندنی فکرنمیکنم شاهکار ادبی دلیلی,0
روان پریش محض,0
چندان جالب,0
فهم ذهن پریشانی هنر قوی توش موج میزنه هنر زیباست محتوا پوچه,1
دید مردم کله عمرمو خند دریغ اشنا ثانیه عمرمو وصله بزنه بگه تویی نیشستی خند الان دیگه موقشه عقربه ساعتتو خعلی وقته خند خندوندی خسته راهت نیستی همون خسته پروا رویا زندگیه سالهاست دلیل تاریک ترین نقاط لحظات زمزمه لحظات بهونه باشن واسه مرگ تدریجیه عاشق سالهاست بهونه نگاهه محبوب,1
اعجوبه کتابو نخوندم یآس عجیبی بهم القا قلم نگارش نظیره عجیب ترین سبک نوشتار لمس تصور مطمئن روز کتابو آخر خواهم_خوند,1
یاس امیدی پوچی دلهره اور اصلا ارتباط برقرار اصلا,0
باور سخت شبی خواب تاثیر وشاید تکرار نمیدونم نظربنده اینه فوقالعاده پرمعنا ادبی وعمیق مدتها تامل کسا میخوان دنیای نوسندگی بشن سرمشق,1
سری دوستان شدیدا بیشنهاد روح دکتر شمیسا بخونن کتابی سطح المللی دانشکاه بزرک ادبی جهان مطرح شایسته توهین کتابی فهم خوشمون نمیاد دلیل ارزش,0
ستاره بخاطر جمله جمله قشنگ ادم میگه بزار بخون هیچی دیگه وقت تلف,0
بدرک خواهد_کسی کاغذ پاره مرا خوان خواهد_هفتاد سال سیاه خوان احتیاج نوشتن عجالتا برایم ضروری نویس جان,0
پیچیده سنگین درک حالات توهمات سخت نمیتونم خاصی بدم میتون بگم,1
دیروز خارجی ذکر مبتذل نویس کافر شراب خوار تریاکی دونستن خودشون معصوم پاک گناه نویسندگان ایرانی اینارم کافر جلال احمد سکوت دوران حکومت درخودفرورفتگی انزوا حکومت سانسور اوراق انگشت مطبوعات رسمی سکوت نویسندگان نمودار خوانده ترس گزمه انزواء گوشه نشین اعتقاد واقعیت فریبنده ظاهرسازی واقعیت زده غربت نوستالژی انکار حقایق موجود قناعت رؤیا کابوس مشخصات طرز مردمی سلطه جاسوس مفتش انکیزیتور گپئو آدم ترس دوست زنش همکار درددل حرف ناچار سایه توان حرف گذشته ارزش هنری سند اجتماعی سند محکومیت حکومت زور ماشاالله آجودان پژوهشگر مطرح تاریخ ادبیات مشروطه شاهکار ادبیات معاصر فارسی نام یوسف اسحاق پور استاد تاریخ هنر تاریخ سینما دانشگاه پاریس شاهکار دان گردن بالاتر دلیل پیچیدگی عمق غنا متمایز دان,0
شنو جایزه نوبل ادبی کنجکاوی مطالعه,1
اصطلاح کارا متنفر ستاره مجبور,0
آندره بروتون مؤسس جنبش فراواقع گرایی فرانسه جزو بیست شاهکار سده بیستم میلادی دان هنری میلر کتابی آرزو روز نویس زبانی دوست رنه لالو اهمیت هنر معنی آبرومند کلمه صریح جلوه داریوش مهرجویی واقع ادبیات مدرن ایران خلق ادامه قرن نیم اروپا ظهور انسان خودآگاه طرح مسئله سرنوشت بشری,0
العاده شاهکار,1
بگم درنیاوردم میگن فاخری امتیاز مید,1
درود برجسته ادبیات داستانی ایران عرضه,1
عالیه شاهکار خودم لحظه احساس پیرمرد خنزرپنزرپوشم,1
معلوم توهمه واقعیت هرچ انقدر معروف ارزش نداره,0
معما میمونه,1
اگه هزار بخونمشون جذابیت اولن تخریب قلم دارن حقیر نمیکنه بزرگتر نشونش میده,1
شاهکار ادبیات ایران سبک فرا واقع گوی راوی توهم پندار روانی شیوه گوی قلم قوی کورواقعیت جامعه زمان خفقانی جامعه حاکم انسانی راحتی توان حرف ناچار سایه حرف زند اعتراض حکومت زور زمان توپ مرواری انتقاد خرافات رایج مردم توپ توجه اوضاع سیاسی اجتماعی دوره زیاده گوی افتاده هدف نوشتن براندازی خرافات موهومات پایان تیپ,1
بخون کمه,1
شاهکار,1
قله فارسی,1
عمرم ایراد بگیر صدرصد کودک نکرده عمق درک,1
نسخه دنبال چاپ کاغذی گرد آخه شهرمون اینجور,1
العاده دیدگاه فرا واقع گرایی ستودنی شیوایی حقایق تلخ پرده رسوا عوام قادر عمق وقت کار خواهند_مردم کاغذپاره مرا خوان هفتاد سال خوان,1
العاده سطح ادبیات داستانی دنیا حرف گفتن ارزش عوام گرایانه آبروی فارسی محدود معدود,1
زیبا,1
سلام توصیفات هنرمندانه قسمت شرم آور حقیر معتقد سرمایه انسان حیا عفت اوست طرفی دوستان اصطلاح روشنفکر شنو خصوصیات ایرانی پرده نمایش گذار نظرم طرز انصاف پناه,0
مسخره نگاه نهیلیست انکار,0
اگه بارخونده حرف جدیدی برا ذهن انسان,1
ترس روز میر خودم شناس تاوان سنگینی میتونستن کنن پولدار مرفه باشن انتخاب بهم امید میده افکار انسان فراتر قالب دنیاس,1
العاده مستقیم روح روان آدم کار حتما بخونید,0
پیشنهاد بخونند عمق پوچی سطح فکری روشنفکر,0
نگارش شخصیت بهتری کتابای زندگیم آثار زیباست بعدیست بایدچندبارخونده هرچقدربیشترخونده ابعاد بیشترهویدامیشه داستانی بعدیست,0
امثال متهم دان برداشت اشتباه مطلب امثال زیبا مولانا هرکس یار اسرار,1
بعنوان ادم معمولی نیومد,0
ادبی تحسینیه قرار سبک ادبی پسند قرار بگیره دوستان اگه خواهید_نقد کلمات درست نقد تاریکیه مقداری پوچی دیده بخاطر سبک کتابه تاثیر اگزیستانسیالیسم نهیلیسم سبک ادبیه اونایی دوست سبک نخونن کتابهای سارتر آلبر کامو نکته دیگه عادت مجانی مولف نشر ندیم دوستانی میخوان کتابها مجانی حاضرن شرکت کار کنن حقوق نگیرن کتابها زحمت انتشارات بهتره احترام زار بهاش پرداز,1
زیباست مهارت خیال پرداز درسته امیدی تاریکی موج میزنه شاهکاره قرار شیرین عالم تخیل ذهن انسان بازی,1
ادبیات سوررئال ادبی آشنایی ندارن اصولا درک نوول براشون سخته فرانسه توجه واقع,1
نویسیه العاده شاهکار هنری شخصیت درکش آسون کمه درک دفعه برداشت درک ازش دست میارید قول مید خواهش خواهش توهین اگه نمیتونید بفهمیدش,1
درسته باعقاید جور نمیاد ازجمله خودم کتابهای عمرم خواهش قطره خون زار بقیه بخونن عالیه,1
نظرسنجی مجله چلچراغ حدودا سال خواننده مجله نویسندگان دولت آبادی دانشور روزنامه نگران هنرمند نام یدین آغداشلو باب رمان تاریخ ایران انجام رتبه کسب عجیب ایست,1
محشر دقیقا روجا جون موافق رمان عشق عاشقی آبکی آدمو بهم میزنن بوس وبغل رمان شاهکاره قسمت تعریف صدای مرگ محشر حضور مرگ موهومات نابود بچه مرگ مرگ فریب نجات درته اوست صدا زند خوان زبان مردم فهم گاهی بازی مکث صدای مرگ شنو مرگ اشاره اتفاق نیفتاده ناگهان دلیل فرو قدری فکرغوطه زمان مکان خبر دان وقت کوشش وضعیت دنیای ظاهری آگاه آشنا شنو صدای مرگ,1
فضای عجیبی مبخوندم انگار خواب نوشتن همچین هنر میخواد مرسی طاقچه مرسی مرحوم,1
الان فصل تموم انقدر برام هضم سخت سردرد ادبیات محشره نوشتن اینا قشنگ خودکش معلومه منم میخونم هرلحظه مرگ خودکشی فکرمیکنم برسه اینک بخام اینجوربنویسم نمیدونم بگم ازش قشنگ ترین کلمه مبهم اینجور بهترمیشه احساس بعدازخوندنش مبهمه دوس,0
پوچ گرایی اقدام آخر خودکشی دنیا رفته آثار خواد پوچ گرایی توهم,0
العاده زیبا دلنشین لذت,1
نتیجه گذر هنرنویسندگی درش موج میزنه صحنه میتون تصور حضوری برات تعریف میاد اکثرا خارجی مششتاقم ازاین بخون,1
جاوید ایران زمین,1
کتابی نویسندش خودکشی اذعان پوچی رسیده ارزش نداره قبلاخوندمش وفقط یاس پوچی توش پیشنهاد بهتری انتخاب,0
بخون انشالا خوبه,1
جالب راستش سبک جالب تصویر سازیاشم واقن نمیتونم بگم دوس پشیمونم خوشحال خوندمش وحتما میخونمش نظرم نیس,1
عناصر ربط هستن ارتباط دادنشون نقطه قوت داستانه مرسی طاقچه,1
باحال,1
کسا نخوندن پیشنهاد نخونن میخوندم انرژی منفی بهم قوی کشش تصویرسازیاش نمیتونستم ادامشو نخونم,1
امروز تموم شاهکار لذت,1
رمان شگف قلم اینه میخوام بخونمش ازش برداشت تاریخ ادبیات جاودانی میمونه,1
تکه تکه چمدان گذار خونده خودم ازش الهام هام بخونید ترس پوچ گرا نمیشید اونایی همچین چیزایی ایشون میدن بویی ادب,1
تصویر العاده هرچ راحت تصور میکنین کشش جذب کنندگی وادار آخر روزه بخونین تامل برانگیز ناراحت شدت جذاب حتما بخونین,1
لذت مرسی,1
اومد,1
عای عاالی شاهکار ادبیات داستانی ایرانی کتابی روح روان بازی لذت ساعت سره لذت فهمیدن جور کتابا ادم دنبال نقدشون بره همینجوری لذت ببره دنیای عجیب غریب لکاته پیرمرد خنزرپنزری,1
بارها بارها رمانی اصرار دوستان استارت نرم رمانایی معروفن بگم مشکل درکشون صرفا رمان برام جذابیت نداره اینو اولشو دیگه نتونستم بذارمش اگه شرایتتون مثه رمان علاقه امتحان,1
انسانی تنفر ذهن انتقام بگیر ذهن درگیر اضطراب دلهره حقیقت انسانی فعال,1
رمان زیبایی بستگی بهش نگاه افکار مغشوش انسان رنج دیده زیبایی همراه جزییات حالات مخصوص توصیف لذت,1
لطفا نظرات احترام گذار دید نفر خزعبلات دید نشاندهنده تفاوت طرز انسانهاست دلیلی خزعبلات میخونه آدم بیسوادی لذت گاهی خودم شرایط توصیف تصور ممنون طاقچه زحمات,1
داستانی قصه موضوع جالب دونم توصیفات تکراری,1
بوود دمتون گرم,1
رمانی توی عمرم همگام فضا طرز عجیبی ذهن تداعی رمان مرگ خدا شکر لیاقت خوندنشو,1
کسا رمان نمره پایین بدونن رمان اجتماعی روحی روانیه متوجه نمیشه متوجه نشدن دلیل رمان,1
تبریک نوشتن طاقچه شماهم ممنون,1
طاقچه جان نسخه الکترونیک,1
گرم مچکریم طاقچه خدا وکیل تایپ معلومه زحمت کشیده وقت گذاشته کارا انجام بدید,1
خور تراو ذهن روان پریش اصلا لذت,1
اصلا,0
مغز مریض مخاطب مریض مرض هویت,0
بسیاردر شنو وچنان جالب تبحر درآمیختن کلمات ومعانی آشکار تشویش دوست وقت تعجب تعریف وتمجیدی آثار خودم لابد متوجه قضیه,0
حقایق نزدیکی پرسه,1
زیبایی ارزش,1
شاهکاره خواندن درک توصیفات فضا میتونید تصور دلیل ادبیات سنگین خواندن بشید زیباست,1
ثانیه فلسفه توان ادم گذار,1
العادن همشون مخصوصا,1
اهل سره کار حوصل بخون کتابو اصلا دوس تموم اگه هزارتا دیگه بخون علاق همینه,1
محتوا آدم تشویق مطالعه جذاب توصیه دوست حتما مطالعه,1
توصیه علاقه مندان مطالعه,1
برا تازه یخورده فهم سخته اهل مطالعه میتونه زود متن ارتباط برقرار زیبا حوصله روزمرگی تصویر میکشه,1
کسا میتونن درک کنن,1
ازین گزین گویه ناب,1
پرداز قلم روان,1
وجذابیه,1
نطر مسخره بور چجوری اینقدر معروف,0
انگیز اعصاب خور ناامیدکننده اصلا خودت ایا خودکشی آخر مرده بنظر حرف مثبت جالب واسه گفتن,0
رمانی سور رٲل وجذاب وجذاب ترین رمان سور رٲل جهان رود,1
بنظره درسته محتوا بویی امید نداره دلیل نمیشه کتابه صرفا خاطره نظره شخصیمون بخوایم متن کتابو سوال نقد قرار تجاوز خیانت پولی درد بیکاری ناامیدی فقر یاس اینا جامعه مارو برمیگیره نظرم مارو واقعیتا کاربرا گفتن اشخاص نزدیکشون ناآشنا خودکشی دلیل خودکشی تصمیم حاصله عمر فشار روحی روانی هزار درد دیگس,1
درک برامن توضیح بده,1
العاده العاده دقیقا همون سال دنبال,1
وجهی هاش کرو,1
نظرم عالیه حسا عجیب,1
مگه صوتی,0
کتابهای ایرانی صورتیکه اصلا تصور نمیکردن اینقدر کتابخون حرفه قطعا لذت اگه تازه کار ممکنه اذیتتون اضافه تیپ شخصیت افسرده مرض افسردگی بدو تولد خواص بدنیا اومده مرور شدت توی روزنامه دیواری توی مدرسه کار مرگ نقش دنیا بلبل نمیبینن تحمل شنیدن درونیات آدمهای مختلف ضرر,1
حتما خواندن توصیه,1
نظرم مفهوم جذاب بااینکه مقدار ابهام دوس قلم قوی,1
چرت ترین بیخود ترین کتابی عمرم,0
بخون,1
عالیه,1
سال فرصتی نظرم چندین خوان جزییات آشنا جزو حسابش توان شیوه ایجاد,0
زیبا مرموز تنگنا حسی شگف متن نظیره نظرم تحلیل دکتر شمیسا خونده جذابیت متن اگه اصل خواید انتشارات زمینی چاپ اصفهان وکاستی چاپ,1
خان هدا اعتضاد الملک پدر دفتر جلد اتفاقات خانوادگ خان هدا نورد تولد خان شنبه دلو مطابق فور سفر خان روز شنبه شهر مطابق صفر ساعت ربع ظهرگذشته خان اروپا برا تحص اتفاق اقا شقاق شاگردان حرکت نمود مراجعت خان صفر ساعت نصفه شبه گذشته مطابق رماه مطابق ژوی شنبه اذر قرار امروزصادق خان پار اتفاق خان محمود خان فرودگاه ساعت بعدازظهر حرکت چگونگ اعلام خبر خودکش پسر ظهر شنبه فرورد اقا جلال تهران دکتر خان خان محمود خان امدند منزل ورود انها وحشت مطابق خبر پار دخت ازده اور فرزند بدبخت جان زتر گاز مسموم,0
آدم خوان گاز نیشش کتابی خوان مشت خور جمجمه مان بیدار خوانیمش قول مان خوش خوش تازه خودمان توان نویس مان خوش ناخوش سخت دردناک متاثر مرگ خودمان دوست زمانی جنگل آدم خودکشی تبری دریا یخزده فرانتس کافکا,0
کتابی آرزو روز نویس زبانی دوست هنری میلر معروف نویسندگان آمریکایی قرن بیستم,0
خواهم_هفتاد سال سیاه نویس مرده شور عقم نشین دست قلم زبان رجاله نویس مشت شرف مان اراذل لیاقت برایشان کار مشت دزد قالتاق اصلا سرشان حرف خوان خوان فهم نویس نقل مصطفی فرزانه آشنایی فرزانه,0
اصلا جالب,0
نیومد سیاهی کثیف,0
روان پریش,0
پیچیده غمگین ناامید,0
نداره,0
هرک نخونه نصف عمرش فناست ؟؟؟,1
بهتری بزار لطفا طاقچه جون,0
معاصر ایرانه مهارت کاش اینصورت دنیا نگاه,0
حجم مزخرف عنوان تاریخ ادبی ایران چاپ لکه ننگی ادبیات ایرانه مزخرفات سرو اشغال کلا جمله مسخره قضیه نمیتونه توضیح بده,0
مطالعه لذت,1
بنظر انشا,0
تلخ فضای تاریک موجود توصیفات پرداز سیر نقل قلم فرسای خان دلم توان فضای شدت شبیه رمان عباس معروف سبک سورئال باب میل,1
خوندمش حدودی نتونستم تباط برقرار پیچیده ایه دومین خوندمش درکش,1
خوندمش قدرت تفکر توهم موقع نوشتن عالیه سری تکس زیبا اگه دقیق بخونین میتون بگم میتونین یاد بگیرین درکل,1
تراوش نبوغ جمله جمله توان دید کتابیه توصیف خویشتن پردازه یافتن شخصیت شکل گیره شاهکار معنا,1
نابغه عنوان نوجوان توان اندکی ارتباط برقرار,0
قشنگی ژانر سورئالیسم درحد آئورا زیبا,1
جزو شاهکار آدم بره دنیای دیگه دنیایی درد رنج نباشه,1
مزخرف,0
میتون بگم عالیه بینظیره منوبردبه زمانایی زیادترازاین کتابامنتشترمیشدوتوخونه هازیادبود,1
جالب تکرار زیادداشت جمله چندین تکرار بطوریکه همش اشتباهی میخونم مطابق میل بنده,0
امروز چشم گشا خالق گوژپشت مرجان لاله قطره قطره خون زخم داش آکل شاعر خیام ولگردی نفس کشت توی گرداب حاجی آقا خدا همسفر زنی فاحشه علویه خانوم زیارت برد فحش فریاد توپ مرواری آفرینش افسانه نورد ساهاب دنیا خند امروز چشم مردمان بینا,0
نظرم نگاه دنیا نگاه منفی دکتر شریعتی دردهدایت راناشی ازرفاه ودردبی دردی میداندو اعتقادی اوارگی اورامحصول وابستگی طبقات بورژوازی واشراف معرفی شهیدمطهری علل خودکشی اواین اشراف زای پول توجیبی کفایت صحیح منظم موهبت ایمان بهره جهان بوالهوس گزافه کار ابله دان,0
خوندمش درستی یادم هربار همون لذتی نقد تحسین فراوان وارده بنده هرچ بگم تکرار فرمایشات بزرگوار خودم ملموس اعتماد سنگین میزانسن داستانه توی هیچکس نمیشه اعتماد تصور ساخت فضا عمدی کاره حرف اصلی اعتماد نداره,1
الان فرق محض خوندید رمز گشای جلال احمد بخونید عمق دریابید رمز گشای احمد نظرم رمان هاش رمان شاهکاره,1
صوت نداره,0
جذاب مفهوم پیشنهاد اگه نخوندینش حتما بخونین,1
عنوان روشنفکر دوران پهلوی رضاشاه دست قلم برد بمب هند چاپ قهرمان ایران توسط اعراب تجاوز قرار صبغه اعتراض رفتار اعراب تجاوز انان امثال ناسیونالیسم پان ایرانیسم رواج هویت ملی ایرانی زدودن اسلام آغاز,1
احساس دیگه کتابو بخون,1
دکتر شریعتی تاریخ تمدن نمونه انسانی واقعیت برایش پوچ جستجوی گمشده خلاء عبث معنی نهایتا نقطه تفکر خلاء توان,0
ستاره بخاطر نظرم بگم زوال گرا سابقه خودکشی پالس منفی بهت میده اصلا ارزش نداره هاش بخون فهم مطلق مینویسه چرنده جالب اینه شدت تبلیغ موضوع برانگیزه,0
گوارا باور دیدگاه نابی آمیخته انزواطلبی متولد,1
عشق کافیست الان بیست سالمه مثال اختیار تریاک درد درمان اهم بدتر عشق مقدس هرکس وعشق زهر مار ناگ,1
سورئال بنظر خونده درکی ازش خوانندا توصیه نمیشه کردش,1
مشکل دیر ستاره,1
هیچی فهم بیخود بنظر,0
تاثیرگذاشت,1
شاهکاره,1
گیج پررمز راز نظرم جذاب,1
نظرم پرداز پیشنهاد حتما بخونید,1
مون مردی عاشق ادم مفت گفتن میره حذف تیکه فهم مردی خدای خشک کاش فهم عشق فناشدن شایسته همون خدای مهربونیه دوست خدای حقیقی اونه,0
چرت معنی مفهوم,0
دیوانه کتابو فهم درک,1
معنا زیبا خواندن بینظیر شناس بصیرت حتما توصیه,1
مسخره محتوا سرگذشت آدم روانی مجنون موضوعی دنبال افتتاح,0
عاشق ترجی مید بخونین,1
بزرگتر نقد تفسیر شاهکار قرن زمان جلوتر,1
عاشق جور هام جمله دائما تکرار همانند العاده تکرار سال آفرین ذهن خلاق,1
معمایی اسرار آمیز داستانایی فرق دقیقا خوراک خودم,1
داستانی جذاب,1
شاهکار تاریخ دنیا,1
فهم مجنون دیوانه,1
کتابی چندان محتوا عمیق نثر اصلا روان,0
شبیه اثرات پائولو کئلیو عالیه,1
نظرم خلاصه شاهکار چرت ارزش کار خواننده کار,0
